class,intensity,input_string,latitude,longitude
a,10,‡πÄ‡∏°‡∏∑‡πà‡∏≠‡πÄ‡∏ß‡∏•‡∏≤ 13.50 ‡∏ô. ‡πÄ‡∏Å‡∏¥‡∏î‡πÄ‡∏´‡∏ï‡∏∏‡πÄ‡∏û‡∏•‡∏¥‡∏á‡πÑ‡∏´‡∏°‡πâ‡∏®‡∏π‡∏ô‡∏¢‡πå‡∏≠‡∏û‡∏¢‡∏û‡∏ó‡∏µ‡πà‡∏û‡∏±‡∏Å‡∏û‡∏¥‡∏á‡∏ä‡∏±‡πà‡∏ß‡∏Ñ‡∏£‡∏≤‡∏ß ‡∏ö‡πâ‡∏≤‡∏ô‡∏ô‡∏∏‡πÇ‡∏û ‡∏ï.‡πÅ‡∏°‡πà‡∏à‡∏±‡∏ô ‡∏≠.‡∏≠‡∏∏‡πâ‡∏°‡∏ú‡∏≤‡∏á ‡∏à.‡∏ï‡∏≤‡∏Å ‡∏ó‡∏µ‡πà‡πÄ‡∏Å‡∏¥‡∏î‡πÄ‡∏´‡∏ï‡∏∏‡πÄ‡∏õ‡πá‡∏ô‡∏ö‡πâ‡∏≤‚Ä¶ https://t.co/ttkYKSwol8,20.0932902,99.8013351
t,3,‡πÄ‡∏°‡∏∑‡πà‡∏≠‡πÄ‡∏ß‡∏•‡∏≤ 12:13 ‡∏ô. ‡∏£‡∏ñ‡∏ö‡∏£‡∏£‡∏ó‡∏∏‡∏Å‡∏ó‡∏≥‡∏´‡∏°‡∏π‡∏´‡∏•‡πà‡∏ô‡∏ö‡∏ô‡∏ó‡∏≤‡∏á‡∏î‡πà‡∏ß‡∏ô‡∏ö‡∏≤‡∏á‡∏û‡∏•‡∏µ‡∏™‡∏∏‡∏Ç‡∏™‡∏ß‡∏±‡∏™‡∏î‡∏¥‡πå ‡∏´‡∏°‡∏π‡πÄ‡∏î‡∏¥‡∏ô‡∏™‡∏∞‡πÄ‡∏õ‡∏∞‡∏™‡∏∞‡∏õ‡∏∞ ‡∏à‡∏ô‡∏ó.‡∏ï‡πâ‡∏≠‡∏á‡∏ä‡πà‡∏ß‡∏¢‡∏Å‡∏±‡∏ô‡πÑ‡∏•‡πà‡∏à‡∏±‡∏ö‡∏ô‡∏≥‡∏°‡∏≤‡πÑ‡∏ß‡πâ‡πÑ‡∏´‡∏•‡πà‡∏ó‡∏≤‡∏á‚Ä¶ https://t.co/CSggg9yRe7,13.611723300000001,100.7323332
o,1, ‡πÑ‡∏ã‡∏ö‡∏µ‡πÄ‡∏£‡∏µ‡∏¢‡∏ô‡∏Æ‡∏±‡∏™‡∏Å‡∏µ‡πâ‡∏û‡∏•‡∏±‡∏î‡∏´‡∏•‡∏á ‡∏ß‡∏¥‡πà‡∏á‡πÄ‡∏Ç‡πâ‡∏≤‡∏°‡∏≤‡πÉ‡∏ô‡∏´‡∏°‡∏π‡πà‡∏ö‡πâ‡∏≤‡∏ô‡∏ô‡∏ß‡∏ò‡∏≤‡∏ô‡∏µ ‡∏ñ.‡πÄ‡∏™‡∏£‡∏µ‡πÑ‡∏ó‡∏¢ ‡∏ú‡∏π‡πâ‡πÉ‡∏î‡πÄ‡∏õ‡πá‡∏ô‡πÄ‡∏à‡πâ‡∏≤‡∏Ç‡∏≠‡∏á‡πÅ‡∏à‡πâ‡∏á JS100 ‡πÇ‡∏ó‡∏£. *1808 ‡∏´‡∏£‡∏∑‡∏≠ 1137‚Ä¶ https://t.co/YUHSxFspdq,61.01370970000001,99.1966559
a,2, RT@champgamo ‡∏ä‡πà‡∏ß‡∏á‡∏ô‡∏µ‡πâ‡∏î‡∏π‡πÄ‡∏´‡∏°‡∏∑‡∏≠‡∏ô ‡∏Å‡∏ó‡∏°.‡∏à‡∏∞‡∏•‡∏°‡πÅ‡∏£‡∏á‡∏Ç‡∏∂‡πâ‡∏ô‡∏õ‡πâ‡∏≤‡∏¢‡∏ó‡∏µ‡πà‡∏ï‡∏¥‡∏î‡∏ï‡∏±‡πâ‡∏á‡πÑ‡∏°‡πà‡πÅ‡∏ô‡πà‡∏ô‡∏´‡∏ô‡∏≤‡∏û‡∏≠‡∏Å‡πá‡∏´‡∏•‡∏∏‡∏î‡∏£‡πà‡∏ß‡∏á‡∏á‡πà‡∏≤‡∏¢ ‡∏ù‡∏≤‡∏Å‡∏´‡∏ô‡πà‡∏ß‡∏¢‡∏á‡∏≤‡∏ô‡πÄ‡∏Å‡∏µ‡πà‡∏¢‡∏ß‡∏Ç‡πâ‡∏≠‡∏á‡∏î‡∏π‡πÅ‡∏•‡∏î‡πâ‡∏ß‡∏¢‡πÄ‚Ä¶ https://t.co/W8czQn5Lpq,13.7563309,100.5017651
t,6, RT@Sandisonfire ‡πÅ‡∏¢‡∏Å‡∏≠‡∏™‡∏°‡∏ó. ‡πÄ‡∏™‡πâ‡∏ô‡∏ï‡∏£‡∏á‡πÑ‡∏õ‡∏ü‡∏≠‡∏£‡πå‡∏à‡∏π‡∏ô ‡πÄ‡∏•‡∏ô‡∏ã‡πâ‡∏≤‡∏¢‡∏™‡∏∏‡∏î‡∏ó‡∏µ‡πà‡πÄ‡∏•‡∏µ‡πâ‡∏¢‡∏ß‡πÑ‡∏õ‡∏≠‡πÇ‡∏®‡∏Å ‡∏£‡∏ñ‡∏ï‡∏¥‡∏î‡πÄ‡∏û‡∏£‡∏≤‡∏∞‡πÅ‡∏ó‡πá‡∏Å‡∏ã‡∏µ‡πà‡∏£‡∏≠‡πÄ‡∏ï‡∏¥‡∏°‡πÅ‡∏Å‡πä‡∏™ ‡πÇ‡∏î‡∏¢‡∏ó‡∏µ‡πà‡πÉ‡∏ô‡∏õ‡∏±‡πä‡∏°‡πÅ‡∏Å‡πä‡∏™‡πÑ‡∏°‡πà‚Ä¶ https://t.co/J8k1BIQ18l,13.7583801,100.565395
o,1, """‡∏Å‡∏£‡∏∏‡∏á‡πÄ‡∏ó‡∏û‡∏°‡∏´‡∏≤‡∏ô‡∏Ñ‡∏£‡∏à‡∏±‡∏î 2 ‡∏Å‡∏¥‡∏à‡∏Å‡∏£‡∏£‡∏°‡∏£‡∏ì‡∏£‡∏á‡∏Ñ‡πå‡πÉ‡∏´‡πâ‡∏õ‡∏£‡∏∞‡∏ä‡∏≤‡∏ä‡∏ô‡∏≠‡∏≠‡∏Å‡πÑ‡∏õ‡πÉ‡∏ä‡πâ‡∏™‡∏¥‡∏ó‡∏ò‡∏¥‡πå‡πÄ‡∏•‡∏∑‡∏≠‡∏Å‡∏ï‡∏±‡πâ‡∏á",13.7563309,100.5017651
o,1, RT @pnsuperior: @js100radio ‡πÅ‡∏¢‡∏Å‡∏®‡∏≤‡∏•‡∏≤‡πÅ‡∏î‡∏á ‡∏ù‡∏±‡πà‡∏á‡∏à‡∏≤‡∏°‡∏à‡∏∏‡∏£‡∏µ‡∏™‡πÅ‡∏Ñ‡∏ß‡∏£‡πå‡∏ä‡∏≠‡∏ö‡∏°‡∏µ‡∏Ñ‡∏ô‡∏°‡∏≤‡πÄ‡∏ä‡πá‡∏î‡∏Å‡∏£‡∏∞‡∏à‡∏Å ‡∏ô‡∏µ‡πà‡πÇ‡∏î‡∏ô‡∏ï‡∏∞‡∏Å‡∏µ‡πâ‡πÄ‡∏•‡∏¢‡∏≠‡∏¢‡∏π‡πà‡∏î‡∏µ‡πÜ‡∏Å‡πá‡πÄ‡∏î‡∏¥‡∏ô‡∏°‡∏≤‡πÄ‡∏ä‡πá‡∏î‡πÄ‡∏≠‡∏á ‡πÑ‡∏°‡πà‡πÑ‡∏î‡πâ‡∏Ç‡∏≠‡∏û‡∏≠‡πÄ‡∏™‡∏£‡πá‡∏à‡πÄ‡∏£‡∏≤‡πÑ‡∏°‡πà‡πÉ‡∏´‡πâ‡∏ï‡∏±‡∏á‚Ä¶,17.486023199999998,101.72230019999999
t,3, RT@mahoub ‡πÅ‡∏¢‡∏Å‡∏ö‡∏≤‡∏á‡∏û‡∏•‡∏±‡∏î‡∏°‡∏∏‡πà‡∏á‡∏´‡∏ô‡πâ‡∏≤‡πÅ‡∏¢‡∏Å‡∏ß‡∏ä‡∏¥‡∏£‡∏∞ ‡∏°‡∏µ‡∏ó‡πâ‡∏≤‡∏¢‡∏Å‡πà‡∏≠‡∏ô‡∏Ç‡∏∂‡πâ‡∏ô‡∏™‡∏∞‡∏û‡∏≤‡∏ô‡∏Ç‡πâ‡∏≤‡∏°‡πÅ‡∏¢‡∏Å‡∏ö‡∏≤‡∏á‡∏û‡∏•‡∏±‡∏î https://t.co/68Wk9vzoyF,13.781279099999999,100.50978990000002
t,3, """09.00‡∏ô. ‡∏Å‡∏ó‡∏°.‡∏ù‡∏ô‡∏ï‡∏Å ‡πÄ‡∏Ç‡∏ï‡∏Ñ‡∏•‡∏≠‡∏á‡∏™‡∏≤‡∏°‡∏ß‡∏≤ ‡∏™‡∏≤‡∏¢‡πÑ‡∏´‡∏° ‡πÄ‡∏Ñ‡∏•‡∏∑‡πà‡∏≠‡∏ô‡∏ï‡∏±‡∏ß‡∏ó‡∏¥‡∏®‡πÄ‡∏´‡∏ô‡∏∑‡∏≠ ‡πÅ‡∏ô‡∏ß‡πÇ‡∏ô‡πâ‡∏°‡∏Ñ‡∏á‡∏ó‡∏µ‡πà",13.9008718,100.6534443
t,10, RT @23meena1990: @js100radio ‡∏™‡∏∞‡∏û‡∏≤‡∏ô‡∏û‡∏£‡∏∞‡∏£‡∏≤‡∏°4 ‡∏°‡∏∏‡πà‡∏á‡∏´‡∏ô‡πâ‡∏≤‡πÅ‡∏à‡πâ‡∏á‡∏ß‡∏±‡∏í‡∏ô‡∏∞ ‡∏£‡∏ñ‡∏ï‡∏¥‡∏î‡πÅ‡∏´‡∏á‡πà‡∏Å‡πÄ‡∏•‡∏¢‡∏à‡πâ‡∏≤‡∏≤‡∏≤ ‡∏Ñ‡∏£‡∏∂‡πà‡∏á‡∏ä‡∏±‡πà‡∏ß‡πÇ‡∏°‡∏á‡πÅ‡∏•‡πâ‡∏ß ‡πÄ‡∏°‡∏ï‡∏ï‡∏≤‡∏ô‡πâ‡∏≠‡∏á‡∏î‡πâ‡∏ß‡∏¢ ‡∏ô‡πâ‡∏≠‡∏á‡∏°‡∏µ‡∏õ‡∏£‡∏∞‡∏ä‡∏∏‡∏°‡πÄ‡∏ä‡πâ‡∏≤,13.719860999999998,100.556732
o,1, RT @vasant_vr:  ‡∏ï‡∏±‡∏ß‡πÅ‡∏ó‡∏ô‡∏Ñ‡∏ô‡∏û‡∏¥‡∏Å‡∏≤‡∏£‡∏ó‡∏¢‡∏≠‡∏¢‡∏°‡∏≤‡∏£‡∏≠‡∏ü‡∏±‡∏á‡∏Ñ‡∏≥‡∏û‡∏¥‡∏û‡∏≤‡∏Å‡∏©‡∏≤ ‡∏Ñ‡∏î‡∏µ‡∏ü‡πâ‡∏≠‡∏á‡πÅ‡∏û‡πà‡∏á‡πÄ‡∏£‡∏µ‡∏¢‡∏Å‡∏£‡πâ‡∏≠‡∏á‡∏Ñ‡πà‡∏≤‡πÄ‡∏™‡∏µ‡∏¢‡∏´‡∏≤‡∏¢‡∏ï‡πà‡∏≠‡∏Å‡∏ó‡∏°.‡∏™‡∏£‡πâ‡∏≤‡∏á‡∏•‡∏¥‡∏ü‡∏ó‡πå‡πÅ‡∏•‡∏∞‡∏™‡∏¥‡πà‡∏á‡∏≠‡∏≥‡∏ô‡∏ß‡∏¢‡∏Ñ‡∏ß‡∏≤‡∏°‡∏™‡∏∞‚Ä¶ https://t.co/1PRdlHvRLc,13.7563309,100.5017651
t,10, RT@Anucha13945994 ‡πÄ‡∏•‡∏µ‡∏¢‡∏ö‡∏î‡πà‡∏ß‡∏ô‡∏£‡∏≤‡∏°‡∏≠‡∏¥‡∏ô‡∏ó‡∏£‡∏≤ ‡∏Ç‡∏≤‡πÄ‡∏Ç‡πâ‡∏≤ ‡∏ï‡∏¥‡∏î‡∏ï‡∏±‡πâ‡∏á‡πÅ‡∏ï‡πà‡∏ó‡∏≤‡∏á‡∏ß‡∏ô‡∏´‡∏ô‡πâ‡∏≤‡∏ß‡∏±‡∏ä‡∏£‡∏û‡∏•‡∏ô‡πà‡∏≤‡∏à‡∏∞‡∏¢‡∏≤‡∏ß‡∏°‡∏≤‡∏à‡∏≤‡∏Å‡∏•‡∏≤‡∏î‡∏û‡∏£‡πâ‡∏≤‡∏ß https://t.co/iFrcWAczEI,13.8754719,100.6428204
t,4, RT @patricia_au_lam: ‡∏£‡∏ñbenz ‡∏™‡∏µ‡πÄ‡∏Ç‡∏µ‡∏¢‡∏ß‡∏à‡∏≠‡∏î‡πÄ‡∏™‡∏µ‡∏¢‡∏≠‡∏¢‡∏π‡πà‡∏ä‡πà‡∏≠‡∏á‡∏ó‡∏≤‡∏á‡∏ã‡πâ‡∏≤‡∏¢‡∏Å‡∏±‡∏ô‡πÉ‡∏ô‡∏ä‡πà‡∏≠‡∏á‡∏ó‡∏≤‡∏á‡∏î‡πà‡∏ß‡∏ô‡∏Ç‡∏≠‡∏á‡∏ñ‡∏ô‡∏ô‡∏ß‡∏¥‡∏†‡∏≤‡∏ß‡∏î‡∏µ‡∏´‡∏ô‡πâ‡∏≤‡πÑ‡∏ó‡∏¢‡∏£‡∏±‡∏ê‡∏ù‡∏±‡πà‡∏á‡∏Ç‡∏≤‡∏≠‡∏≠‡∏Å. @js100radio  08.30am,13.874030300000001,100.57589370000001
t,10, RT @dindan_kiri: @js100radio ‡πÅ‡∏¢‡∏Å‡∏ú‡∏±‡∏á‡πÄ‡∏°‡∏∑‡∏≠‡∏á‡∏£‡∏ñ‡∏ï‡∏¥‡∏î‡πÑ‡∏°‡πà‡∏Ç‡∏¢‡∏±‡∏ö ‡∏≠‡∏¢‡∏π‡πà‡∏à‡∏∏‡∏î‡∏ô‡∏µ‡πâ‡∏°‡∏≤‡∏ô‡∏≤‡∏ô‡πÅ‡∏•‡πâ‡∏ß‡∏¢‡∏±‡∏á‡πÑ‡∏°‡πà‡∏ñ‡∏∂‡∏á‡πÅ‡∏¢‡∏Å‡∏ã‡∏±‡∏Å‡∏ó‡∏µ‡πÄ‡∏•‡∏¢,17.486023199999998,101.72230019999999
t,6, RT @k3mu: 08:14 ‡πÄ‡∏™‡πâ‡∏ô‡∏°‡∏≠‡πÄ‡∏ï‡∏≠‡∏£‡πå‡πÄ‡∏ß‡∏¢‡πå ‡πÄ‡∏ú‡∏≤‡∏´‡∏ç‡πâ‡∏≤‡πÄ‡∏Å‡∏¥‡∏ô‡πÄ‡∏ö‡∏≠‡∏£‡πå‡πÑ‡∏õ‡∏°‡∏≤‡∏Å ‡∏ï‡∏≠‡∏ô‡∏Ç‡πâ‡∏≤‡∏°‡∏™‡∏∞‡∏û‡∏≤‡∏ô‡∏Ñ‡∏∑‡∏≠‡∏°‡∏≠‡∏á‡∏ó‡∏≤‡∏á‡πÑ‡∏°‡πà‡πÄ‡∏´‡πá‡∏ô‡πÄ‡∏•‡∏¢‡∏ô‡∏∞‡∏Ñ‡∏∞ ‡∏≠‡∏±‡∏ô‡∏ï‡∏£‡∏≤‡∏¢‡∏à‡∏£‡∏¥‡∏á‡πÜ @js100radio https://t.co/GABoe31oc4,13.6260851,100.9120047
t,3, RT @intaladear: @js100radio 8:13 ‡∏™‡∏∞‡∏û‡∏≤‡∏ô‡∏û‡∏£‡∏∞‡∏õ‡∏Å‡πÄ‡∏Å‡∏•‡πâ‡∏≤‡πÄ‡∏ä‡πâ‡∏≤‡∏ô‡∏µ‡πâ‡∏ó‡πâ‡∏≤‡∏¢‡πÅ‡∏ñ‡∏ß‡∏≠‡∏¢‡∏π‡πà‡∏Å‡∏•‡∏≤‡∏á‡∏™‡∏∞‡∏û‡∏≤‡∏ô‡∏ù‡∏±‡πà‡∏á‡∏Å‡∏•‡∏±‡∏ö‡∏Å‡∏±‡∏ô‡∏Ñ‡∏•‡πà‡∏≠‡∏á‡∏ï‡∏±‡∏ß https://t.co/YuLnGTN0ZZ,13.738918,100.4984001
a,5, RT @Yongyut_ta: ‡∏£‡∏ñ‡∏õ‡∏£‡∏∞‡∏à‡∏≥‡∏ó‡∏≤‡∏á‡∏à‡∏≠‡∏î‡πÄ‡∏™‡∏µ‡∏¢‚Äã‡∏ä‡πà‡∏≠‡∏á‡∏ã‡πâ‡∏≤‡∏¢‚Äã ‡∏´‡∏ô‡πâ‡∏≤‡πÇ‡∏•‡∏ï‡∏±‡∏™‡∏ö‡∏≤‡∏á‡∏Å‡∏∞‡∏õ‡∏¥‡∏•‡∏≤‡∏î‡∏û‡∏£‡πâ‡∏≤‡∏ß‡∏Ç‡∏≤‡∏≠‡∏≠‡∏Å.. ‡∏£‡∏ñ‡∏°‡∏≤‡∏Å‚Äã @js100radio,13.828237099999999,100.614025
t,7, """RT @jaAe_sawi: 8.10 ‡∏™‡∏ß‡∏±‡∏™‡∏î‡∏µ‡∏ß‡∏±‡∏ô‡∏à‡∏±‡∏ô‡∏ó‡∏£‡πå ‡∏ó‡∏≤‡∏á‡∏•‡∏á‡∏î‡πà‡∏ß‡∏ô‡πÅ‡∏à‡πâ‡∏á‡∏ß‡∏±‡∏í‡∏ô‡∏∞ ‡πÄ‡∏Ç‡πâ‡∏≤‡πÅ‡∏ñ‡∏ß‡∏ï‡πà‡∏≠‡∏Ñ‡∏¥‡∏ß‡∏•‡∏á‡∏î‡πà‡∏ß‡∏ô """"‡πÑ‡∏Å‡∏• ‡πÑ‡∏Å‡∏• ‡∏à‡∏î ‡∏™‡∏∏‡∏î ‡∏™‡∏≤‡∏¢ ‡∏ï‡∏≤"""" ‡πÅ‡∏•‡πâ‡∏ß‡∏Å‡πá‡∏à‡∏∞‡πÑ‡∏õ‡∏ó‡∏≥‡∏á‡∏≤‡∏ô‡∏™‡∏≤‡∏¢‡πÉ‡∏ô‡∏ó‡∏µ‡πà‡∏™‡∏∏‡∏î @js100radio""",13.8978707,100.5468197
t,6, RT @intaladear: @js100radio 8:09 ‡πÅ‡∏¢‡∏Å‡∏ó‡πà‡∏≤‡∏û‡∏£‡∏∞‡∏ß‡∏á‡πÄ‡∏ß‡∏µ‡∏¢‡∏ô‡πÉ‡∏´‡∏ç‡πà‡∏ó‡πâ‡∏≤‡∏¢‡πÅ‡∏ñ‡∏ß‡∏≠‡∏¢‡∏π‡πà‡πÄ‡∏Å‡∏∑‡∏≠‡∏ö‡∏™‡∏∞‡∏û‡∏≤‡∏ô‡∏ô‡∏ß‡∏à‡∏≥‡πÄ‡∏ô‡∏µ‡∏¢‡∏£ https://t.co/ZOLGHwdF6O,13.7291717,100.4735483
t,7, RT@PrasertRONUSIT ‡∏Å‡∏≤‡∏£‡∏à‡∏£‡∏≤‡∏à‡∏£‚Äã‡∏ï‡∏¥‡∏î‡∏Ç‡∏±‡∏î‚Äã‡∏°‡∏≤‡∏Å‚Äã‡πÉ‡∏ô‚Äã‡∏ã‡∏≠‡∏¢‚Äã‡∏™‡∏∏‡∏Ç‡∏∏‡∏°‡∏ß‡∏¥‡∏ó‚Äã101‚Äã/1‚Äã ‡∏°‡∏∏‡πà‡∏á‚Äã‡∏´‡∏ô‡πâ‡∏≤‚Äã‡∏≠‡∏≠‡∏Å‚Äã‡∏ñ‡∏ô‡∏ô‚Äã‡∏™‡∏∏‡∏Ç‡∏∏‡∏°‡∏ß‡∏¥‡∏ó ‚Äã‡∏£‡∏ñ‚Äã‡πÄ‡∏Ñ‡∏•‡∏∑‡πà‡∏≠‡∏ô‡∏ï‡∏±‡∏ß‚Äã‡∏ä‡πà‡∏ß‡∏á‚Äã‡∏™‡∏±‡πâ‡∏ô‚Äã‡πÜ‚Ä¶ https://t.co/F2PcqyGxm6,13.6844682,100.6224441
t,7, RT @Lunaetan: @js100radio 4‡πÅ‡∏¢‡∏ÅBig C‡∏ï‡∏¥‡∏ß‡∏≤‡∏ô‡∏ô‡∏ó‡πå ‡∏£‡∏ñ‡∏ï‡∏¥‡∏î‡∏™‡∏∞‡∏™‡∏°‡∏°‡∏≤‡∏à‡∏≤‡∏Å‡∏ñ‡∏ô‡∏ô‡∏Å‡∏£‡∏∏‡∏á‡πÄ‡∏ó‡∏û‡∏Ø-‡∏ô‡∏ô‡∏ó‡πå‡∏à‡∏ô‡πÄ‡∏•‡∏¢4‡πÅ‡∏¢‡∏Å‡πÅ‡∏•‡πâ‡∏ß ‡∏ó‡∏∏‡∏Å‡∏Ñ‡∏±‡∏ô‡∏°‡∏∏‡πà‡∏á‡πÄ‡∏Ç‡πâ‡∏≤‡∏Å‡∏£‡∏∏‡∏á‡πÄ‡∏ó‡∏û‡∏Ø‡∏ô‡∏ô‡∏ó‡πå‡πÅ‡∏ö‡∏ö‡πÑ‡∏°‡πà‡∏°‡∏µ‡πÉ‡∏Ñ‡∏£‡∏¢‡∏≠‡∏°‡πÉ‡∏Ñ‡∏£‡πÄ‡∏•‡∏¢,13.9303604,100.5309479
t,5, RT @lovektys: @js100radio ‡∏£‡∏≤‡∏ä‡∏û‡∏§‡∏Å‡∏©‡πå‡∏Ç‡∏≤‡πÄ‡∏Ç‡πâ‡∏≤‡∏°‡∏∏‡πà‡∏á‡∏´‡∏ô‡πâ‡∏≤‡∏™‡∏∞‡∏û‡∏≤‡∏ô‡∏ï‡∏≤‡∏Å‡∏™‡∏¥‡∏ô ‡∏Å‡∏≤‡∏£‡∏à‡∏£‡∏≤‡∏à‡∏£‡∏ä‡∏∞‡∏•‡∏≠‡∏ï‡∏±‡∏ß ‡∏°‡∏µ‡∏ó‡πâ‡∏≤‡∏¢‡πÅ‡∏ñ‡∏ß‡∏ö‡∏µ‡∏ó‡∏µ‡πÄ‡∏≠‡∏™‡∏ß‡∏á‡πÄ‡∏ß‡∏µ‡∏¢‡∏ô‡πÉ‡∏´‡∏ç‡πà 7:50 ‡∏ô.,13.8071288,100.4499728
t,6, RT @orhdara: @js100radio ‡∏ß‡∏±‡∏ô‡∏ô‡∏µ‡πâ‡πÄ‡∏™‡πâ‡∏ô‡∏û‡∏£‡∏∞‡∏£‡∏≤‡∏°7‡∏ß‡∏á‡∏®‡πå‡∏™‡∏ß‡πà‡∏≤‡∏á‡∏ï‡∏¥‡∏î‡∏ô‡∏¥‡πà‡∏á‡∏°‡∏≤‡∏Å ‡∏à‡∏≤‡∏Å‡∏û‡∏£‡∏∞‡∏£‡∏≤‡∏°7‡∏Ñ‡∏£‡∏∂‡πà‡∏á‡∏ä‡∏°.‡πÅ‡∏•‡πâ‡∏ß‡πÄ‡∏û‡∏¥‡πà‡∏á‡∏ñ‡∏∂‡∏á‡∏™‡∏∞‡∏û‡∏≤‡∏ô‡∏Ç‡πâ‡∏≤‡∏°‡πÅ‡∏¢‡∏Å‡∏ß‡∏á‡∏®‡πå‡∏™‡∏ß‡πà‡∏≤‡∏á,13.814313,100.51412359999999
a,3, RT @Werkrrm: @js100radio ‡∏´‡∏ô‡πâ‡∏≤‡πÇ‡∏•‡∏ï‡∏±‡∏™‡∏ö‡∏≤‡∏á‡∏Å‡∏∞‡∏õ‡∏¥‡∏°‡∏µ‡∏£‡∏ñ‡πÄ‡∏°‡πÅ‡∏î‡∏á‡∏à‡∏≠‡∏î‡πÄ‡∏™‡∏µ‡∏¢‡∏≠‡∏¢‡∏π‡πà‡∏Ñ‡∏£‡∏±‡∏ö,13.770088000000001,100.6365483
t,6, RT @FErn38509998: ‡∏Å‡∏≤‡∏£‡∏à‡∏£‡∏≤‡∏à‡∏£‡∏´‡∏ô‡∏≤‡πÅ‡∏ô‡πà‡∏ô‡∏°‡∏≤‡∏Å ‡∏´‡∏ô‡πâ‡∏≤‡πÄ‡∏ã‡πá‡∏ô‡∏ó‡∏£‡∏±‡∏•‡∏£‡∏≤‡∏°‡∏≠‡∏¥‡∏ô‡∏ó‡∏£‡∏≤ @js100radio https://t.co/gS5JJFleGp,13.872176000000001,100.6019449
o,1,  ‡∏™‡∏∏‡∏ô‡∏±‡∏Ç‡∏´‡∏≤‡∏¢‡∏≠‡∏≠‡∏Å‡πÑ‡∏õ‡∏à‡∏≤‡∏Å‡∏ö‡πâ‡∏≤‡∏ô ‡πÉ‡∏Å‡∏•‡πâ‡∏Å‡∏±‡∏ö‡∏ß‡∏±‡∏î‡πÇ‡∏û‡∏ò‡∏¥‡πå‡πÑ‡∏û‡πÇ‡∏£‡∏à‡∏ô‡πå ‡∏≠.‡πÇ‡∏û‡∏ò‡∏≤‡∏£‡∏≤‡∏° ‡∏à.‡∏£‡∏≤‡∏ä‡∏ö‡∏∏‡∏£‡∏µ ‡∏ú‡∏π‡πâ‡πÉ‡∏î‡∏û‡∏ö‡πÄ‡∏´‡πá‡∏ô‡πÅ‡∏à‡πâ‡∏á JS100 ‡πÇ‡∏ó‡∏£ *1808 ‡∏´‡∏£‡∏∑‡∏≠ 1137‚Ä¶ https://t.co/mQF4232yCl,13.6878859,99.8461036
a,8, 07:25 ‡πÄ‡∏û‡∏•‡∏¥‡∏á‡πÑ‡∏´‡∏°‡πâ‡∏ö‡πâ‡∏≤‡∏ô‡πÄ‡∏£‡∏∑‡∏≠‡∏ô‡∏õ‡∏£‡∏∞‡∏ä‡∏≤‡∏ä‡∏ô ‡∏ã‡∏≠‡∏¢‡πÄ‡∏ó‡∏≠‡∏î‡πÑ‡∏ó 33 ‡πÄ‡∏Ç‡∏ï‡∏ò‡∏ô‡∏ö‡∏∏‡∏£‡∏µ ‡πÄ‡∏à‡πâ‡∏≤‡∏´‡∏ô‡πâ‡∏≤‡∏ó‡∏µ‡πà‡∏™‡∏ñ‡∏≤‡∏ô‡∏µ‡∏î‡∏±‡∏ö‡πÄ‡∏û‡∏•‡∏¥‡∏á‡∏ï‡∏•‡∏≤‡∏î‡∏û‡∏•‡∏π ‡∏Å‡∏≥‡∏•‡∏±‡∏á‡πÑ‡∏õ‡∏ó‡∏µ‡πà‡πÄ‡∏Å‡∏¥‡∏î‡πÄ‡∏´‡∏ï‡∏∏,13.7223497,100.4783199
t,8, RT @JaikoPui: ‡πÅ‡∏¢‡∏Å‡πÑ‡∏ü‡πÅ‡∏î‡∏á‡∏Å‡∏•‡∏≤‡∏á‡∏ã‡∏≠‡∏¢‡∏•‡∏≤‡∏ã‡∏≤‡∏•‡πÄ‡∏™‡∏µ‡∏¢ ‡∏Å‡∏•‡∏≤‡∏¢‡πÄ‡∏õ‡πá‡∏ô‡πÅ‡∏¢‡∏Å‡∏ß‡∏±‡∏î‡πÉ‡∏à‡πÑ‡∏õ‡πÅ‡∏•‡πâ‡∏ß @js100radio,13.6560491,100.6427989
t,1, RT @sombutsukcharoe: @js100radio ‡∏à‡∏≤‡∏Å‡∏´‡πâ‡∏≤‡πÅ‡∏¢‡∏Å‡∏•‡∏≤‡∏î‡∏û‡∏£‡πâ‡∏≤‡∏ß‡∏ñ‡∏∂‡∏á‡πÅ‡∏¢‡∏Å‡∏£‡∏±‡∏ä‡∏î‡∏≤ ‡∏ä‡∏¥‡∏ß‡πÜ‡∏Å‡∏±‡∏ô‡πÄ‡∏•‡∏¢ ‡∏Å‡∏•‡∏±‡∏ö‡∏Å‡∏±‡∏ô‡∏Å‡πá‡∏Ñ‡∏•‡πâ‡∏≠‡∏á‡∏ï‡∏±‡∏ß https://t.co/RsdMJB65eP,13.828237099999999,100.614025
t,6, RT @cee_du: 7.08‡∏ô.‡∏™‡∏†‡∏≤‡∏û‡∏Å‡∏≤‡∏£‡∏à‡∏£‡∏≤‡∏à‡∏£ ‡∏à‡∏≤‡∏Å ‡∏°‡∏ò.‡∏£‡∏±‡∏á‡∏™‡∏¥‡∏ï ‡∏°‡∏∏‡πà‡∏á‡∏™‡∏π‡πà‡∏ô‡∏ß‡∏ô‡∏Ñ‡∏£ ‡πÄ‡∏Ñ‡∏•‡∏∑‡πà‡∏≠‡∏ô‡∏ï‡∏±‡∏ß‡πÑ‡∏î‡πâ‡∏ó‡∏µ‡∏•‡∏∞‡∏ô‡∏¥‡∏î ‡∏™‡∏•‡∏±‡∏ö‡∏´‡∏¢‡∏∏‡∏î‡∏ô‡∏¥‡πà‡∏á @js100radio https://t.co/wOlOvLOb3z,13.757427900000001,100.4899827
t,7, RT @TheJinsidious: ‡∏´‡∏ô‡πâ‡∏≤ The Paseo Town ‡∏£‡∏≤‡∏°‡∏Ñ‡∏≥‡πÅ‡∏´‡∏á ‡∏£‡∏ñ‡∏ï‡∏¥‡∏î‡∏°‡∏≤‡∏Å ‡∏£‡∏ñ‡∏à‡∏±‡∏Å‡∏£‡∏¢‡∏≤‡∏ô‡∏¢‡∏ô‡∏ï‡πå‡∏Ç‡∏±‡∏ö‡∏™‡∏ß‡∏ô‡πÄ‡∏•‡∏ô‡∏ï‡∏≤‡∏°‡∏Å‡∏±‡∏ô‡∏°‡∏≤‡∏≠‡∏¢‡πà‡∏≤‡∏á‡∏ï‡πà‡∏≠‡πÄ‡∏ô‡∏∑‡πà‡∏≠‡∏á ‡∏≠‡∏±‡∏ô‡∏ï‡∏£‡∏≤‡∏¢‡∏°‡∏≤‡∏Å @js100radio,13.7742302,100.666871
a,5, 07.08 ‡∏ñ.346 ‡∏ä‡πà‡∏ß‡∏á‡∏ö‡∏ô‡∏™‡∏∞‡∏û‡∏≤‡∏ô‡∏Ç‡πâ‡∏≤‡∏°‡πÅ‡∏¢‡∏Å‡∏™‡∏±‡∏ô‡∏ï‡∏¥‡∏™‡∏∏‡∏Ç ‡∏≠.‡πÄ‡∏°‡∏∑‡∏≠‡∏á ‡∏à.‡∏õ‡∏ó‡∏∏‡∏°‡∏ò‡∏≤‡∏ô‡∏µ  &gt;‡πÅ‡∏¢‡∏Å‡∏•‡∏≤‡∏î‡∏´‡∏•‡∏∏‡∏°‡πÅ‡∏Å‡πâ‡∏ß ‡∏õ‡∏¥‡∏Ñ‡∏≠‡∏±‡∏û‡∏ä‡∏ô‡∏Ç‡∏≠‡∏ö‡∏™‡∏∞‡∏û‡∏≤‡∏ô ‡∏Ç‡∏ß‡∏≤‡∏á‡∏ä‡πà‡∏≠‡∏á‡∏ó‡∏≤‡∏á‡∏Ç‡∏ß‡∏≤ ‡∏£‡∏≠‡∏£‡∏ñ‡∏¢‡∏Å‡∏°‡∏≤‚Ä¶ https://t.co/tSfbPQJj29,14.030010999999998,100.525359
t,3, RT @buddy_mydog: @js100radio ‡∏ñ‡∏ô‡∏ô‡∏£‡∏≤‡∏ä‡∏û‡∏§‡∏Å‡∏©‡πå ‡∏à‡∏≤‡∏Å‡∏ö‡∏≤‡∏á‡∏´‡∏ß‡πâ‡∏≤ &gt; ‡∏™‡∏∞‡∏û‡∏≤‡∏ô‡∏ï‡∏≤‡∏Å‡∏™‡∏¥‡∏ô ‡∏£‡∏ñ‡πÄ‡∏Ñ‡∏•‡∏∑‡πà‡∏≠‡∏ô‡∏ï‡∏±‡∏ß‡πÑ‡∏î‡πâ‡∏î‡∏µ ‡∏°‡∏µ‡∏ó‡πâ‡∏≤‡∏¢‡∏™‡∏∞‡∏™‡∏°‡∏´‡∏ô‡πâ‡∏≤‡∏ï‡∏∂‡∏Å‡∏™‡∏¥‡∏ô‡∏™‡∏≤‡∏ó‡∏£ ‡∏ó‡πâ‡∏≠‡∏á‡∏ü‡πâ‡∏≤‡∏°‡∏µ‡πÄ‡∏°‡∏Ü‡∏°‡∏≤‡∏Å https://t.co/a‚Ä¶,13.7208592,100.45787440000001
a,2, ‡∏ä‡∏≤‡∏ß‡∏ç‡∏µ‡πà‡∏õ‡∏∏‡πà‡∏ô‡πÄ‡∏ó‡∏µ‡πà‡∏¢‡∏ß‡πÄ‡∏°‡∏∑‡∏≠‡∏á‡πÑ‡∏ó‡∏¢‡∏Ñ‡∏£‡∏±‡πâ‡∏á‡πÅ‡∏£‡∏Å ‡∏•‡∏∑‡∏°‡∏Å‡∏£‡∏∞‡πÄ‡∏õ‡πã‡∏≤‡∏™‡∏∞‡∏û‡∏≤‡∏¢‡∏ö‡∏ô‡∏£‡∏ñ‡πÅ‡∏ó‡πá‡∏Å‡∏ã‡∏µ‡πà ‡∏ß‡∏¥‡πà‡∏á‡∏ï‡∏≤‡∏°‡∏£‡∏ñ‡πÑ‡∏°‡πà‡∏ó‡∏±‡∏ô ‡∏Å‡∏•‡∏±‡∏ö‡πÇ‡∏£‡∏á‡πÅ‡∏£‡∏°‡πÑ‡∏î‡πâ‡∏Ç‡πà‡∏≤‡∏ß‡∏î‡∏µ‡∏Ñ‡∏ô‡∏Ç‡∏±‡∏ö‡πÅ‡∏ó‡πá‡∏Å‡∏ã‡∏µ‡πà‡πÄ‡∏Å‡πá‡∏ö‡πÑ‡∏î‡πâ‡∏£‚Ä¶ https://t.co/8apMoFP935,36.204824,138.252924
o,1, ‡∏ä‡∏≤‡∏ß‡∏ï‡πà‡∏≤‡∏á‡∏ä‡∏≤‡∏ï‡∏¥‡∏•‡∏∑‡∏°‡πÇ‡∏ó‡∏£‡∏®‡∏±‡∏û‡∏ó‡πå‡∏°‡∏∑‡∏≠‡∏ñ‡∏∑‡∏≠‡πÑ‡∏≠‡πÇ‡∏ü‡∏ô ‡πÑ‡∏ß‡πâ‡∏ö‡∏ô‡∏£‡∏ñ‡πÅ‡∏ó‡πá‡∏Å‡∏ã‡∏µ‡πà ‡∏Ñ‡∏ô‡∏Ç‡∏±‡∏ö‡πÄ‡∏Å‡πá‡∏ö‡πÑ‡∏î‡πâ‡πÅ‡∏à‡πâ‡∏á JS100 ‡∏ï‡∏¥‡∏î‡∏ï‡∏≤‡∏°‡∏ô‡∏≥‡∏™‡πà‡∏á‡∏Ñ‡∏∑‡∏ô‡πÄ‡∏à‡πâ‡∏≤‡∏Ç‡∏≠‡∏á‚Ä¶ https://t.co/wAzr4D1zPu,13.719860999999998,100.556732
o,1, ‡∏™‡∏∏‡∏ô‡∏±‡∏Ç‡∏´‡∏≤‡∏¢‡∏≠‡∏≠‡∏Å‡πÑ‡∏õ‡∏à‡∏≤‡∏Å‡∏´‡∏°‡∏π‡πà‡∏ö‡πâ‡∏≤‡∏ô‡πÄ‡∏°‡∏∑‡∏≠‡∏á‡∏õ‡∏£‡∏∞‡∏ä‡∏≤ ‡∏ã‡∏≠‡∏¢‡∏´‡∏ó‡∏±‡∏¢‡∏£‡∏≤‡∏©‡∏é‡∏£‡πå 35 ‡∏ú‡∏π‡πâ‡πÉ‡∏î‡∏û‡∏ö‡πÄ‡∏´‡πá‡∏ô‡πÅ‡∏à‡πâ‡∏á JS100 ‡πÇ‡∏ó‡∏£ *1808 ‡∏´‡∏£‡∏∑‡∏≠ 1137‚Ä¶ https://t.co/cQMjZIKOj7,13.871643300000002,100.7218027
o,1, 9 ‡∏°‡∏µ.‡∏Ñ. 2562 ‡πÄ‡∏õ‡πá‡∏ô‡∏ï‡πâ‡∏ô‡πÑ‡∏õ ‡∏£‡∏ü‡∏°. ‡∏¢‡∏Å‡πÄ‡∏•‡∏¥‡∏Å‡∏™‡∏±‡∏ç‡∏ç‡∏≤‡∏ì‡πÑ‡∏ü‡∏à‡∏£‡∏≤‡∏à‡∏£ ‡πÅ‡∏•‡∏∞‡∏¢‡∏Å‡πÄ‡∏•‡∏¥‡∏Å‡∏Å‡∏≤‡∏£‡πÉ‡∏ä‡πâ‡∏á‡∏≤‡∏ô‡∏ö‡∏£‡∏¥‡πÄ‡∏ß‡∏ì‡πÅ‡∏¢‡∏Å‡∏†‡∏≤‡∏ß‡∏ô‡∏≤ ‡∏ñ.‡∏•‡∏≤‡∏î‡∏û‡∏£‡πâ‡∏≤‡∏ß ‡∏ï‡∏•‡∏≠‡∏î 24 ‡∏ä‡∏°.‚Ä¶ https://t.co/KwuOYku6mu,13.8001957,100.58389609999999
a,7, 00:47 ‡πÄ‡∏û‡∏•‡∏¥‡∏á‡πÑ‡∏´‡∏°‡πâ‡∏´‡∏ç‡πâ‡∏≤ ‡∏ã‡∏≠‡∏¢‡∏°‡∏¥‡∏ï‡∏£‡πÑ‡∏°‡∏ï‡∏£‡∏µ 18 ‡∏û‡∏∑‡πâ‡∏ô‡∏ó‡∏µ‡πà‡πÄ‡∏Ç‡∏ï‡∏´‡∏ô‡∏≠‡∏á‡∏à‡∏≠‡∏Å ‡πÄ‡∏à‡πâ‡∏≤‡∏´‡∏ô‡πâ‡∏≤‡∏ó‡∏µ‡πà‡∏î‡∏±‡∏ö‡πÄ‡∏û‡∏•‡∏¥‡∏á‡∏¢‡πà‡∏≠‡∏¢‡∏´‡∏ô‡∏≠‡∏á‡∏à‡∏≠‡∏Å‡∏Å‡∏≥‡∏•‡∏±‡∏á‡∏î‡∏≥‡πÄ‡∏ô‡∏¥‡∏ô‡∏Å‡∏≤‡∏£,13.857317499999999,100.8157475
t,8, RT @Ying9an: @js100radio ‡∏≠‡∏∏‡πÇ‡∏°‡∏á‡∏Ñ‡πå‡∏•‡∏≠‡∏î‡πÅ‡∏¢‡∏Å‡∏´‡πâ‡∏ß‡∏¢‡∏Ç‡∏ß‡∏≤‡∏á‡∏õ‡∏¥‡∏î‡∏ô‡∏∞‡∏Ñ‡∏∞ ‡πÅ‡∏ô‡∏∞‡∏ô‡∏≥‡πÄ‡∏•‡∏µ‡πà‡∏¢‡∏á‡πÄ‡∏™‡πâ‡∏ô‡∏ó‡∏≤‡∏á‡∏Ñ‡πà‡∏∞ ‡∏£‡∏ñ‡∏ï‡∏¥‡∏î‡∏°‡∏≤‡∏Å‡πÄ‡∏ô‡∏∑‡πà‡∏≠‡∏á‡∏à‡∏≤‡∏Å‡∏ï‡πâ‡∏≠‡∏á‡πÄ‡∏ö‡∏µ‡πà‡∏¢‡∏á‡∏ó‡∏≤‡∏á https://t.co/FcV1vLC8XI,13.719860999999998,100.556732
o,1, ‡πÅ‡∏ñ‡∏ß‡∏´‡∏°‡∏π‡∏ö‡πâ‡∏≤‡∏ô‡∏û‡∏§‡∏Å‡∏©‡∏≤19 ‡∏°‡∏µ‡∏Å‡∏≤‡∏£‡πÄ‡∏õ‡∏¥‡∏î‡πÄ‡∏û‡∏•‡∏á‡πÄ‡∏™‡∏µ‡∏¢‡∏á‡∏î‡∏±‡∏á‡∏°‡∏≤‡πÄ‡∏õ‡πá‡∏ô‡∏≠‡∏≤‡∏ó‡∏¥‡∏ï‡∏¢‡πå‡πÅ‡∏•‡πâ‡∏ß‡∏Ñ‡∏£‡∏±‡∏ö,13.9122454,100.3621234
o,1,  RT @sup_pongtep: @js100radio ‡πÑ‡∏°‡πà‡∏°‡∏µ‡∏´‡∏ô‡πà‡∏ß‡∏¢‡∏á‡∏≤‡∏ô‡πÑ‡∏´‡∏ô‡∏à‡∏±‡∏î‡∏Å‡∏≤‡∏£‡πÑ‡∏î‡πâ‡πÄ‡∏•‡∏¢ ‡πÅ‡∏ó‡πá‡∏Å‡∏ã‡∏µ‡πà‡∏´‡∏ô‡πâ‡∏≤‡πÄ‡∏≠‡∏™‡∏û‡∏•‡∏≤‡∏ô‡∏≤‡∏î‡∏à‡∏≠‡∏î‡∏£‡∏≠‡∏£‡∏±‡∏ö‡∏ú‡∏π‡πâ‡πÇ‡∏î‡∏¢‡∏Å‡∏¥‡∏ô‡πÑ‡∏õ‡∏™‡∏≠‡∏á‡∏ñ‡∏∂‡∏á‡∏™‡∏≤‡∏°‡πÄ‡∏•‡∏ô ‡πÄ‡∏ó‡∏µ‡πà‡∏¢‡∏á‡∏Ñ‡∏∑‡∏ô‡πÅ‡∏•‡πâ‡∏ß‡∏Å‡πá‡∏¢‡∏±‡∏á‡∏ï‡∏¥‡∏î‡∏™‡∏ô‡∏±‡πà‡∏ô‡πÄ‡∏´‚Ä¶,13.7660049,100.56900590000001
t,6, RT @SurapatWipawasu: @js100radio ‡∏Å‡∏±‡∏•‡∏õ‡∏û‡∏§‡∏Å‡∏©‡πå‡∏Ç‡∏≤‡∏≠‡∏≠‡∏Å ‡∏°‡∏∏‡πà‡∏á‡∏´‡∏ô‡πâ‡∏≤‡πÑ‡∏õ ‡∏ñ‡∏ô‡∏ô‡πÄ‡∏™‡πâ‡∏ô‡∏Å‡∏≤‡∏ç‡∏à‡∏ô‡∏≤ ‡∏õ‡∏¥‡∏î‡∏Å‡∏≤‡∏£‡∏à‡∏£‡∏≤‡∏à‡∏£‡πÄ‡∏´‡∏•‡∏∑‡∏≠ 1 ‡∏ä‡πà‡∏≠‡∏á‡∏ó‡∏≤‡∏á ‡∏à‡∏ô‡∏ñ‡∏∂‡∏á‡∏õ‡∏±‡πâ‡∏° ‡∏õ‡∏ï‡∏ó ‡∏Å‡∏±‡∏•‡∏õ‡∏û‡∏§‡∏Å‡∏©‡πå‡∏Ñ‡∏£‡∏±‡∏ö ‡∏£‡∏ñ‡∏ï‡∏¥‡∏î‡∏™‡∏∞‡∏™‡∏° ‡πÄ‚Ä¶,13.865426300000001,100.6773403
o,1,  ‡∏™‡∏∏‡∏ô‡∏±‡∏Ç‡∏´‡∏≤‡∏¢‡∏≠‡∏≠‡∏Å‡πÑ‡∏õ‡∏à‡∏≤‡∏Å‡∏ö‡πâ‡∏≤‡∏ô ‡∏ö‡∏£‡∏¥‡πÄ‡∏ß‡∏ì‡∏ï‡∏£‡∏á‡∏Ç‡πâ‡∏≤‡∏°‡∏Å‡∏±‡∏ö‡∏õ‡∏±‡πä‡∏°‡∏ö‡∏≤‡∏á‡∏à‡∏≤‡∏Å ‡∏ñ.‡∏ã‡πà‡∏≠‡∏°‡∏™‡∏£‡πâ‡∏≤‡∏á ‡∏≠.‡πÄ‡∏°‡∏∑‡∏≠‡∏á ‡∏à.‡∏õ‡∏ó‡∏∏‡∏°‡∏ò‡∏≤‡∏ô‡∏µ ‡∏ú‡∏π‡πâ‡πÉ‡∏î‡∏û‡∏ö‡πÄ‡∏´‡πá‡∏ô‡πÅ‡∏à‡πâ‡∏á JS100 ‡πÇ‡∏ó‡∏£ *1808 ‡∏´‡∏£‡∏∑‡∏≠‚Ä¶ https://t.co/VY3a5xcsD7,14.0208391,100.5250276
a,6, 22:34 ‡∏≠‡∏∏‡∏ö‡∏±‡∏ï‡∏¥‡πÄ‡∏´‡∏ï‡∏∏ ‡∏£‡∏ñ‡∏¢‡∏ô‡∏ï‡πå‡∏Å‡∏±‡∏ö‡∏°‡∏≠‡πÄ‡∏ï‡∏≠‡∏£‡πå‡πÑ‡∏ã‡∏Ñ‡πå‡πÉ‡∏ô‡∏ã‡∏≠‡∏¢‡πÄ‡∏û‡∏ä‡∏£‡πÄ‡∏Å‡∏©‡∏° 69 ‡∏°‡∏µ‡∏ú‡∏π‡πâ‡∏ö‡∏≤‡∏î‡πÄ‡∏à‡πá‡∏ö ‡∏à‡∏ô‡∏ó.‡∏Å‡∏≥‡∏•‡∏±‡∏á‡∏î‡∏≥‡πÄ‡∏ô‡∏¥‡∏ô‡∏Å‡∏≤‡∏£,13.6941715,100.3801713
a,5, RT @lekasina: @js100radio ‡∏≠‡∏∏‡∏ö‡∏±‡∏ï‡∏¥‡πÄ‡∏´‡∏ï‡∏∏ ‡∏£‡∏ñ‡∏ä‡∏ô‡πÉ‡∏ô‡∏ã‡∏≠‡∏¢‡πÄ‡∏û‡∏ä‡∏£‡πÄ‡∏Å‡∏©‡∏° 69 https://t.co/SZqkia3WbC,13.6941715,100.3801713
o,1, RT @MiSoReview: ‡πÄ‡∏ï‡∏∑‡∏≠‡∏ô‡∏†‡∏±‡∏¢‡πÄ‡∏£‡∏µ‡∏¢‡∏Å Taxi ‡∏õ‡∏Å‡∏ï‡∏¥ ‡∏ó‡∏µ‡πà BTS ‡∏´‡∏°‡∏≠‡∏ä‡∏¥‡∏ï ‡πÇ‡∏î‡∏ô‡πÄ‡∏Å‡πá‡∏ö‡∏Ñ‡πà‡∏≤‡∏ö‡∏£‡∏¥‡∏Å‡∏≤‡∏£  50 ‡∏ö. ‡∏á‡∏á‡πÉ‡∏ô‡∏á‡∏á ‡∏ñ‡∏≤‡∏°‡πÑ‡∏õ‡∏ñ‡∏≤‡∏°‡∏°‡∏≤ ‡πÇ‡∏î‡∏ô‡∏Ñ‡∏ô‡∏Ç‡∏±‡∏ö‡∏ö‡πà‡∏ô‡∏ß‡πà‡∏≤‡∏ñ‡∏≤‡∏°‡∏°‡∏≤‡∏Å ‡∏™‡∏£‡∏∏‡∏õ‡πÄ‡∏£‡∏≤‡πÑ‡∏°‡πà‡∏¢‡∏≠‡∏°‡πÉ‡∏´‡πâ Taxi‚Ä¶,13.802497699999998,100.5538045
t,8, """RT @akekarin_v: ‡∏£‡∏ñ‡∏ï‡∏±‡∏Å‡πÄ‡∏Å‡∏µ‡πà‡∏¢‡∏ß‡∏™‡∏≤‡∏¢‡πÇ‡∏ó‡∏£‡∏®‡∏±‡∏û‡∏ó‡πå ‡∏ó‡πâ‡∏≤‡∏¢‡∏£‡∏ñ‡∏Å‡∏µ‡∏î‡∏Ç‡∏ß‡∏≤‡∏á‡∏ñ‡∏ô‡∏ô‡∏•‡∏≤‡∏î‡∏û‡∏£‡πâ‡∏≤‡∏ß‡∏Ç‡∏≤‡∏≠‡∏≠‡∏Å ‡∏ó‡∏±‡πâ‡∏á 2 ‡∏ä‡πà‡∏≠‡∏á‡∏ó‡∏≤‡∏á ‡∏õ‡∏≤‡∏Å‡∏ã‡∏≠‡∏¢‡∏•‡∏≤‡∏î‡∏û‡∏£‡πâ‡∏≤‡∏ß 107 ‡∏´‡∏•‡∏µ‡∏Å‡πÄ‡∏•‡∏µ‡πà‡∏¢‡∏á‡πÑ‡∏î‡πâ ‡∏´‡∏•‡∏µ‡∏Å‡πÄ‡∏•‡∏µ‡πà‡∏¢‡∏á‡∏ô‡∏∞‡∏Ñ‡∏£‡∏±‡∏ö",13.7790324,100.635932
t,4, 4 ‡∏°‡∏µ.‡∏Ñ. 62 (23.59 - 03.00 ‡∏ô.) ‡∏Å‡∏õ‡∏ô. ‡∏ï‡∏£‡∏ß‡∏à‡∏™‡∏≠‡∏ö‡∏à‡∏∏‡∏î‡∏£‡∏±‡πà‡∏ß‡∏ó‡πà‡∏≠‡∏õ‡∏£‡∏∞‡∏ò‡∏≤‡∏ô ‡∏´‡∏ô‡πâ‡∏≤‡∏Ñ‡∏≠‡∏ô‡πÇ‡∏î‡∏®‡∏∏‡∏†‡∏≤‡∏•‡∏±‡∏¢ ‡πÉ‡∏Å‡∏•‡πâ‡∏ã‡∏≠‡∏¢‡∏®‡∏£‡∏µ‡∏ô‡∏Ñ‡∏£‡∏¥‡∏ô‡∏ó‡∏£‡πå 64 ‡∏ô‡πâ‡∏≥‡∏õ‡∏£‡∏∞‡∏õ‡∏≤‡πÑ‡∏°‡πà‡πÑ‡∏´‡∏• ‡∏ö‚Ä¶ https://t.co/LyxKOUvwE6,13.672778,100.64416059999999
a,7, 21:04 ‡πÄ‡∏û‡∏•‡∏¥‡∏á‡πÑ‡∏´‡∏°‡πâ‡∏´‡∏ç‡πâ‡∏≤ ‡∏ñ‡∏ô‡∏ô‡πÄ‡∏•‡∏µ‡∏¢‡∏ö‡∏ß‡∏á‡πÅ‡∏´‡∏ß‡∏ô‡∏Å‡∏≤‡∏ç‡∏à‡∏ô‡∏≤‡∏†‡∏¥‡πÄ‡∏©‡∏Å ‡∏û‡∏∑‡πâ‡∏ô‡∏ó‡∏µ‡πà‡πÄ‡∏Ç‡∏ï‡∏Ñ‡∏•‡∏≠‡∏á‡∏™‡∏≤‡∏°‡∏ß‡∏≤ ‡πÄ‡∏à‡πâ‡∏≤‡∏´‡∏ô‡πâ‡∏≤‡∏ó‡∏µ‡πà‡∏™‡∏ñ‡∏≤‡∏ô‡∏µ‡∏î‡∏±‡∏ö‡πÄ‡∏û‡∏•‡∏¥‡∏á‡∏ö‡∏≤‡∏á‡∏ä‡∏±‡∏ô‡∏Å‡∏≥‡∏•‡∏±‡∏á‡πÑ‡∏õ‡∏ó‡∏µ‡πà‡πÄ‡∏Å‡∏¥‡∏î‡πÄ‡∏´‡∏ï‡∏∏,13.803173199999998,100.70882209999999
a,10, """RT @LGinlove: ‡∏£‡∏ñ‡∏ö‡∏ß‡∏Å‡∏Å‡∏±‡∏ô 2 ‡∏Ñ‡∏±‡∏ô ‡∏ñ.‡πÄ‡∏û‡∏ä‡∏£‡∏ö‡∏∏‡∏£‡∏µ",13.7559968,100.5240238
o,1, "‡∏´‡∏ô‡πâ‡∏≤‡∏ï‡∏•‡∏≤‡∏î‡∏ô‡∏µ‡∏≠‡∏≠‡∏ô ‡∏Ñ‡∏≠‡∏ô‡πÇ‡∏î‡πÅ‡∏°‡∏ô‡∏Æ‡∏±‡∏ï‡∏ï‡∏±‡πâ‡∏ô @js100radio https://t.co/Yi4fnWRT40""",13.7496715,100.544174
o,1, RT @djckocisbd: ‡∏ù‡∏≤‡∏Å‡πÑ‡∏ß‡πâ‡∏Ñ‡∏£‡∏±‡∏ö ‡πÄ‡∏ú‡∏∑‡πà‡∏≠‡∏°‡∏µ‡∏õ‡∏£‡∏∞‡πÇ‡∏¢‡∏ä‡∏ô‡πå ‡∏≠‡∏∏‡∏ö‡∏±‡∏ï‡∏¥‡πÄ‡∏´‡∏ï‡∏∏ ‡∏ß‡∏±‡∏ô‡∏ó‡∏µ‡πà2/3/2562 ‡∏ñ‡∏ô‡∏ô‡∏°‡∏≤‡∏•‡∏±‡∏¢‡πÅ‡∏°‡∏ô ‡∏ô‡∏Ñ‡∏£‡∏õ‡∏ê‡∏°‡∏Ñ‡∏£‡∏±‡∏ö @js100radio https://t.co/7n6NyVlGK0,13.9110434,99.9821518
o,1, RT @KwanKwannapa: @js100radio ‡πÄ‡∏®‡∏©‡∏Ç‡∏ß‡∏î‡∏û‡∏•‡∏≤‡∏™‡∏ï‡∏¥‡∏Å‡∏ï‡∏Å‡∏•‡∏á‡∏ö‡∏ô‡∏™‡∏∞‡∏û‡∏≤‡∏ô‡∏ï‡∏≤‡∏Å‡∏™‡∏¥‡∏ô‡∏ù‡∏±‡πà‡∏á‡∏Ç‡∏≤‡∏≠‡∏≠‡∏Å‡∏Å‡∏£‡∏∞‡∏à‡∏≤‡∏¢‡πÄ‡∏ï‡πá‡∏°‡∏™‡∏∞‡∏û‡∏≤‡∏ô‡∏Ñ‡πà‡∏∞ https://t.co/qRnPdiCJo5,13.7187374,100.51414240000001
a,10, ‡∏£‡∏ñ‡∏ö‡∏£‡∏£‡∏ó‡∏∏‡∏Å‡∏û‡πà‡∏ß‡∏á‡∏û‡∏∏‡πà‡∏á‡∏Ç‡πâ‡∏≤‡∏°‡∏ù‡∏±‡πà‡∏á! ‡∏ä‡∏ô‡∏™‡∏ô‡∏±‡πà‡∏ô‡∏£‡∏ß‡∏° 6 ‡∏Ñ‡∏±‡∏ô ‡∏ñ.‡πÄ‡∏û‡∏ä‡∏£‡πÄ‡∏Å‡∏©‡∏° ‡∏´‡∏ô‡πâ‡∏≤‡πÄ‡∏ó‡∏Ñ‡∏ô‡∏¥‡∏Ñ‡∏Ø‡∏ô‡∏Ñ‡∏£‡∏õ‡∏ê‡∏° ‡πÄ‡∏™‡∏µ‡∏¢‡∏ä‡∏µ‡∏ß‡∏¥‡∏ï 2 ‡∏Ñ‡∏ô ‡∏ö‡∏≤‡∏î‡πÄ‡∏à‡πá‡∏ö 4 ‡∏Ñ‡∏ô‚Ä¶ https://t.co/uTawCWhsYh,13.8049734,100.04020290000001
a,4, RT @CannaWATro: @js100radio ‡πÑ‡∏ü‡∏™‡πà‡∏≠‡∏á‡∏õ‡πâ‡∏≤‡∏¢‡∏´‡∏•‡∏∏‡∏î‡∏´‡πâ‡∏≠‡∏¢ ‡∏ï‡∏£‡∏á‡∏Å‡πà‡∏≠‡∏ô‡∏•‡∏á‡∏≠‡∏∏‡πÇ‡∏°‡∏á‡∏Ñ‡πå‡∏Ç‡πâ‡∏≤‡∏°‡πÅ‡∏¢‡∏Å‡∏ù‡∏±‡πà‡∏á‡∏ñ‡∏ô‡∏ô‡πÄ‡∏Å‡∏©‡∏ï‡∏£-‡∏ô‡∏ß‡∏°‡∏¥‡∏ô‡∏ó‡∏£‡πå‡πÑ‡∏õ‡∏ó‡∏≤‡∏á‡∏ß‡∏¥‡∏†‡∏≤‡∏ß‡∏î‡∏µ https://t.co/yYSbpv5deu,13.825922400000001,100.62772
o,1, """RT @RedCC41: @js100radio  ‡∏ß‡∏¥‡∏†‡∏≤‡∏ß‡∏î‡∏µ‡∏Ç‡∏≤‡∏≠‡∏≠‡∏Å ‡∏™‡∏∞‡∏û‡∏≤‡∏ô‡∏Ç‡πâ‡∏≤‡∏°‡πÅ‡∏¢‡∏Å‡∏•‡∏≤‡∏î‡∏û‡∏£‡πâ‡∏≤‡∏ß",13.874030300000001,100.57589370000001
a,7, RT @WKhamthonglang: @js100radio ‡∏ö‡∏ô‡∏™‡∏∞‡∏û‡∏≤‡∏ô‡∏Å‡πà‡∏≠‡∏ô‡πÄ‡∏Ç‡πâ‡∏≤ ‡∏ô‡∏Ñ‡∏£‡∏´‡∏•‡∏ß‡∏á ‡∏°‡∏µ‡∏£‡∏ñ‡∏ä‡∏ô‡∏Å‡∏±‡∏ô 3 ‡∏Ñ‡∏±‡∏ô ‡∏°‡∏µ‡πÄ‡∏à‡πâ‡∏≤‡∏´‡∏ô‡πâ‡∏≤‡∏ó‡∏µ‡πà‡πÅ‡∏•‡πâ‡∏ß‡∏Ñ‡∏£‡∏±‡∏ö https://t.co/n6s8iB2LZH,13.719860999999998,100.556732
a,5, RT @aodaod_nk: @js100radio ‡πÑ‡∏ü‡πÑ‡∏´‡∏°‡πâ‡∏ó‡∏∏‡πà‡∏á‡∏´‡∏ç‡πâ‡∏≤‚Äã‡∏Ç‡πâ‡∏≤‡∏á‡πÄ‡∏£‡∏∑‡∏≠‡∏ô‡∏à‡∏≥‡∏à‡∏±‡∏á‡∏´‡∏ß‡∏±‡∏î‚Äã‡∏™‡∏∏‡∏û‡∏£‡∏£‡∏ì‡∏ö‡∏∏‡∏£‡∏µ‚Äã‡∏ù‡∏±‡πà‡∏á‡∏Ç‡∏≤‡πÄ‡∏Ç‡πâ‡∏≤‡∏Å‡∏£‡∏∏‡∏á‡πÄ‡∏ó‡∏û‚Äã‡∏ñ‡∏ô‡∏ô‡∏´‡∏°‡∏≤‡∏¢‡πÄ‡∏•‡∏Ç‚Äã340 https://t.co/DUWA4VC0rq,13.719860999999998,100.556732
a,4, "17:44 ‡∏™‡∏∞‡∏û‡∏≤‡∏ô‡∏Ç‡πâ‡∏≤‡∏°‡πÅ‡∏¢‡∏Å‡∏û‡∏á‡∏©‡πå‡πÄ‡∏û‡∏ä‡∏£ ‡∏°‡∏µ‡∏£‡∏ñ‡∏Å‡∏£‡∏∞‡∏ö‡∏∞‡∏à‡∏≠‡∏î‡πÄ‡∏™‡∏µ‡∏¢‡∏≠‡∏¢‡∏π‡πà""",13.8567231,100.5450377
a,6, 17:26 ‡πÄ‡∏´‡∏ï‡∏∏‡πÄ‡∏û‡∏•‡∏¥‡∏á‡πÑ‡∏´‡∏°‡πâ‡∏ö‡πâ‡∏≤‡∏ô‡πÄ‡∏£‡∏∑‡∏≠‡∏ô‡∏õ‡∏£‡∏∞‡∏ä‡∏≤‡∏ä‡∏ô ‡∏†‡∏≤‡∏¢‡πÉ‡∏ô‡∏ã‡∏≠‡∏¢‡∏û‡∏£‡∏∞‡∏£‡∏≤‡∏°3 ‡∏ã‡∏≠‡∏¢ 33 ‡∏û‡∏∑‡πâ‡∏ô‡∏ó‡∏µ‡πà‡πÄ‡∏Ç‡∏ï‡∏¢‡∏≤‡∏ô‡∏ô‡∏≤‡∏ß‡∏≤ ‡πÄ‡∏à‡πâ‡∏≤‡∏´‡∏ô‡πâ‡∏≤‡∏ó‡∏µ‡πà‡∏™‡∏ñ‡∏≤‡∏ô‡∏µ‡∏î‡∏±‡∏ö‡πÄ‡∏û‡∏•‡∏¥‡∏á‡∏ñ‡∏ô‡∏ô‡∏à‡∏±‡∏ô‡∏ó‡∏ô‡πå‡∏Å‡∏≥‡∏•‡∏±‡∏á‚Ä¶ https://t.co/Ys3AvitDue,13.6824543,100.52690030000001
t,5, """‡∏£‡∏ñ‡∏ö‡∏£‡∏£‡∏ó‡∏∏‡∏Å‡∏≠‡∏∏‡∏à‡∏à‡∏≤‡∏£‡∏∞‡∏û‡∏•‡∏¥‡∏Å‡∏ï‡∏∞‡πÅ‡∏Ñ‡∏á! ‡∏õ‡∏¥‡∏î‡∏ó‡∏≤‡∏á‡∏î‡πà‡∏ß‡∏ô‡∏â‡∏•‡∏≠‡∏á‡∏£‡∏±‡∏ä‡∏ä‡∏±‡πà‡∏ß‡∏Ñ‡∏£‡∏≤‡∏ß‡πÄ‡∏Å‡∏∑‡∏≠‡∏ö 1 ‡∏ä‡∏°. ‡πÄ‡∏£‡πà‡∏á‡∏ó‡∏≥‡∏Ñ‡∏ß‡∏≤‡∏°‡∏™‡∏∞‡∏≠‡∏≤‡∏î",13.808536800000002,100.61880759999998
t,8, RT @pongsawatniti: @js100radio ‡∏ñ‡∏ô‡∏ô‡πÄ‡∏≠‡∏Å‡∏°‡∏±‡∏¢‡∏°‡∏∏‡πà‡∏á‡∏´‡∏ô‡πâ‡∏≤‡∏û‡∏£‡∏∞‡∏£‡∏≤‡∏°9‡∏ï‡∏¥‡∏î‡∏ô‡∏¥‡πà‡∏á‡πÜ‡∏°‡∏≤‡∏ä‡∏±‡πà‡∏ß‡πÇ‡∏°‡∏á‡∏Å‡∏ß‡πà‡∏≤‡πÅ‡∏•‡πâ‡∏ß‡∏à‡∏£‡πâ‡∏≤ https://t.co/FXUWKx4WsN,13.7311399,100.5865519
o,1, """RT @ii_ur_ii: ‡πÅ‡∏¢‡∏Å‡∏™‡∏ß‡∏ô‡∏™‡∏°‡πÄ‡∏î‡πá‡∏à ‡∏ï‡∏¥‡∏ß‡∏≤‡∏ô‡∏ô‡∏ó‡πå ‡πÄ‡∏•‡∏µ‡πâ‡∏¢‡∏ß‡∏ã‡πâ‡∏≤‡∏¢‡∏ú‡πà‡∏≤‡∏ô‡∏ï‡∏•‡∏≠‡∏î ‡πÅ‡∏ï‡πà‡∏£‡∏ñ‡πÄ‡∏°‡∏•‡∏•‡πå‡∏à‡∏∞‡∏ï‡∏£‡∏á ‡∏•‡∏∞‡∏°‡∏≤‡∏à‡∏≠‡∏î‡∏ä‡πà‡∏≠‡∏á‡∏ã‡πâ‡∏≤‡∏¢‡∏£‡∏≠‡πÑ‡∏ü‡πÅ‡∏î‡∏á",13.8621125,100.5143528
t,6, RT @JuRainycoolie: @js100radio ‡πÇ‡∏Ñ‡∏£‡∏≤‡∏ä-‡∏™‡∏µ‡∏Ñ‡∏¥‡πâ‡∏ß ‡∏ó‡∏µ‡πà‡∏õ‡∏±‡∏î‡∏ô‡πâ‡∏≥‡∏ù‡∏ô‡πÄ‡∏ö‡∏≠‡∏£‡πå 3 ‡∏£‡∏ñ‡πÄ‡∏£‡∏¥‡πà‡∏°‡∏ï‡∏¥‡∏î‡πÄ‡∏™‡πâ‡∏ô‡∏°‡∏¥‡∏ï‡∏£‡∏†‡∏≤‡∏û https://t.co/SPjxnj7QED,14.9734115,101.5921266
o,1, RT @punyanuch45: ‡∏ù‡∏≤‡∏Å‡πÄ‡∏õ‡πá‡∏ô‡∏≠‡∏∏‡∏ò‡∏≤‡∏´‡∏£‡∏ì‡πå‚Äã‡∏î‡πâ‡∏ß‡∏¢‡∏Ñ‡πà‡∏∞‡∏Ç‡∏ì‡∏∞‡πÑ‡∏ü‡πÄ‡∏Ç‡∏µ‡∏¢‡∏ß‡∏ó‡∏µ‡πà‡πÅ‡∏¢‡∏Å‡∏û‡∏£‡∏∞‡πÇ‡∏Ç‡∏ô‡∏á-‡∏û‡∏£‡∏∞‡∏£‡∏≤‡∏°‡∏™‡∏µ‡πà ‡∏°‡∏µ‡∏°‡∏≠‡πÄ‡∏ï‡∏≠‡∏£‡πå‡πÑ‡∏ã‡∏î‡πå‚Äã‡∏ï‡∏±‡∏î‡∏´‡∏ô‡πâ‡∏≤‡πÄ‡∏û‡∏∑‡πà‡∏≠‡πÑ‡∏õ‡∏¢‡∏π‡πÄ‡∏ó‡∏£‡∏¥‡∏ô‡∏ã‡∏∂‡πà‡∏á‡πÄ‡∏õ‡πá‡∏ô‡∏à‡∏∏‡∏î‡∏´‡πâ‡∏≤‡∏°‡∏¢‡∏π‡πÄ‡∏ó‡∏£‡∏¥‡∏ô ‡πÅ‡∏•‡∏∞‡∏°‡∏µ‡∏≠‡∏µ‚Ä¶,13.714275599999999,100.59253620000001
a,5, RT @TAMAGOTZ: @js100radio ‡∏°‡∏µ‡πÄ‡∏´‡∏ï‡∏∏‡∏Ñ‡∏ß‡∏±‡∏ô‡πÑ‡∏ü‡∏ß‡∏á‡∏Å‡∏ß‡πâ‡∏≤‡∏á ‡∏ö‡∏£‡∏¥‡πÄ‡∏ß‡∏ì‡πÉ‡∏Å‡∏•‡πâ‡∏£‡∏±‡∏á‡∏™‡∏¥‡∏ï‡∏≠‡∏û‡∏≤‡∏£‡πå‡∏ó‡πÄ‡∏°‡∏ô‡∏ï‡πå ‡∏ï‡∏∂‡∏Å‡∏ô‡∏Ñ‡∏£‡∏£‡∏±‡∏á‡∏™‡∏¥‡∏ï/ ‡∏ù‡∏±‡πà‡∏á‡∏ï‡∏£‡∏á‡∏Ç‡πâ‡∏≤‡∏°‡∏ü‡∏¥‡∏ß‡πÄ‡∏à‡∏≠‡∏£‡πå‡∏û‡∏≤‡∏£‡πå‡∏Ñ ‡∏£‡∏±‡∏á‡∏™‡∏¥‡∏ï ‡πÄ‡∏£‡πà‡∏á‡∏£‡∏∏‡∏î‡∏ï‡∏£‡∏ß‡∏à‡∏™‡∏≠‡∏ö‡∏î‡πà‡∏ß‡∏ô‡∏Ñ‚Ä¶,13.989166699999998,100.6180717
t,6, RT @parnbrabus: @js100radio ‡πÄ‡∏≠‡∏Å‡∏°‡∏±‡∏¢‡∏£‡∏ñ‡∏ï‡∏¥‡∏î‡∏°‡∏≤‡∏Å ‡πÄ‡∏û‡∏£‡∏≤‡∏∞‡∏´‡πâ‡∏≤‡∏á‡πÉ‡∏´‡∏°‡πà,13.7311399,100.5865519
t,5, RT @bifng: @js100radio ‡∏ñ‡∏ô‡∏ô‡∏û‡∏´‡∏•‡πÇ‡∏¢‡∏ò‡∏¥‡∏ô ‡∏ä‡πà‡∏ß‡∏á‡∏ï‡∏∂‡∏Å‡∏ä‡πâ‡∏≤‡∏á‡∏à‡∏ô‡∏ñ‡∏∂‡∏á‡∏´‡∏ô‡πâ‡∏≤‡πÄ‡∏ã‡πá‡∏ô‡∏ó‡∏£‡∏±‡∏•‡∏•‡∏≤‡∏î‡∏û‡∏£‡πâ‡∏≤‡∏ß ‡∏£‡∏ñ‡πÄ‡∏Ñ‡∏•‡∏∑‡πà‡∏≠‡∏ô‡∏ï‡∏±‡∏ß‡πÑ‡∏î‡πâ‡∏ä‡πâ‡∏≤,13.816445800000002,100.5611507
t,7, RT@SCWMR ‡∏ñ.‡∏™‡∏∏‡∏ß‡∏¥‡∏ô‡∏ó‡∏ß‡∏á‡∏®‡πå ‡πÄ‡∏•‡∏¢‡πÅ‡∏¢‡∏Å‡∏Å‡∏≤‡∏£‡πÑ‡∏ü‡∏ü‡πâ‡∏≤ ‡∏°‡∏∏‡πà‡∏á‡∏´‡∏ô‡πâ‡∏≤‡∏™‡∏µ‡πà‡πÅ‡∏¢‡∏Å‡∏ï‡∏•‡∏≤‡∏î‡∏°‡∏µ‡∏ô‡∏ö‡∏∏‡∏£‡∏µ ‡∏ï‡∏¥‡∏î‡∏ï‡∏±‡πâ‡∏á‡πÅ‡∏ï‡πà‡∏ß‡∏±‡∏î‡πÅ‡∏™‡∏ô‡∏™‡∏∏‡∏Çüò≠ ‡∏ó‡∏±‡πâ‡∏á‡∏ö‡∏ô‡∏™‡∏∞‡∏û‡∏≤‡∏ô‡πÅ‡∏•‡∏∞‡∏Ç‡πâ‡∏≤‡∏á‡∏•‡πà‡∏≤‡∏á https://t.co/XDxXIjnnDD,13.8024875,100.8840513
t,3, RT @Yuyapopz: @js100radio ‡∏ã‡∏≠‡∏¢‡∏ß‡∏±‡∏î‡∏®‡∏£‡∏µ‡∏ß‡∏≤‡∏£‡∏µ‡∏ô‡πâ‡∏≠‡∏¢‡∏°‡∏µ‡∏Å‡∏≤‡∏£‡πÄ‡∏ú‡∏≤‡∏´‡∏ç‡πâ‡∏≤ ‡πÄ‡∏®‡∏©‡∏Ç‡∏µ‡πâ‡πÄ‡∏ñ‡πâ‡∏≤‡∏Å‡∏±‡∏ö‡∏Å‡∏•‡∏¥‡πà‡∏ô‡∏£‡∏ö‡∏Å‡∏ß‡∏ô‡∏°‡∏≤‡∏Å‡πÄ‡∏•‡∏¢‡∏Ñ‡πà‡∏∞ üò°üò°üò°üò°üò°üò°üò°,13.668982399999999,100.80307370000001
o,1, RT @aoodkun_mumu: @js100radio ‡∏°‡∏µ‡∏ú‡∏π‡πâ‡∏ä‡∏≤‡∏¢‡πÄ‡∏™‡∏∑‡πâ‡∏≠‡∏î‡∏≥‡∏û‡∏¢‡∏≤‡∏¢‡∏≤‡∏°‡πÑ‡∏õ‡∏ô‡∏≠‡∏ô‡∏ï‡∏±‡∏î‡∏´‡∏ô‡πâ‡∏≤‡∏£‡∏ñ‡πÉ‡∏´‡πâ‡∏£‡∏ñ‡∏ó‡∏±‡∏ö‡∏ö‡∏£‡∏¥‡πÄ‡∏ß‡∏ì‡∏ñ‡∏ô‡∏ô‡∏£‡∏≤‡∏°‡∏Ñ‡∏≥‡πÅ‡∏´‡∏á‡∏Ç‡∏≤‡πÄ‡∏Ç‡πâ‡∏≤‡∏ä‡πà‡∏ß‡∏á‡∏™‡∏ô.‡∏´‡∏±‡∏ß‡∏´‡∏°‡∏≤‡∏Å‡πÑ‡∏õ‡∏ó‡∏≤‡∏á‡∏°.‡∏£‡∏≤‡∏° ‡∏´‡∏•‡∏≤‡∏¢‡∏£‡∏≠‡∏ö‡πÅ‡∏•‡πâ‡∏ß.‡∏Å‡∏•‡∏±‡∏ß‡∏à‡∏∞‚Ä¶,13.756201800000001,100.61880490000001
a,8, RT@rutchakit ‡∏à‡∏≤‡∏Å‡∏ñ.‡∏£‡∏≤‡∏ä‡∏û‡∏§‡∏Å‡∏©‡πå ‡∏Ç‡πâ‡∏≤‡∏°‡∏™‡∏∞‡∏û‡∏≤‡∏ô‡πÅ‡∏¢‡∏Å‡πÑ‡∏õ‡∏ñ.345 ‡πÅ‡∏•‡∏∞ ‡∏ñ.‡∏Å‡∏≤‡∏à‡∏ô‡∏≤‡∏†‡∏¥‡πÄ‡∏©‡∏Å ‡∏°‡∏µ‡∏≠‡∏∏‡∏ö‡∏±‡∏ï‡∏¥‡πÄ‡∏´‡∏ï‡∏∏‡∏£‡∏ñ‡πÄ‡∏Å‡πã‡∏á‡∏û‡∏•‡∏¥‡∏Å‡∏´‡∏á‡∏≤‡∏¢‡∏ó‡πâ‡∏≠‡∏á ‡∏ö‡∏ô‡∏™‡∏∞‡∏û‡∏≤‡∏ô‡∏ä‡πà‡∏ß‡∏á‡πÇ‡∏Ñ‡πâ‡∏á‡∏ó‡∏≤‡∏á‡∏•‡∏á‚Ä¶ https://t.co/lEDXzPG8e2,13.923046300000001,100.45262240000001
t,4, RT@dj_maymey ‡πÉ‡∏Ñ‡∏£‡∏à‡∏∞‡∏°‡∏≤‡∏á‡∏≤‡∏ô‡πÑ‡∏ó‡∏¢‡πÄ‡∏ó‡∏µ‡πà‡∏¢‡∏ß‡πÑ‡∏ó‡∏¢ ‡∏ô‡∏±‡πà‡∏á mrt ‡∏°‡∏≤‡∏™‡∏∞‡∏î‡∏ß‡∏Å‡∏™‡∏∏‡∏î ‡∏£‡∏ñ‡∏ï‡∏¥‡∏î‡∏°‡∏≤‡∏Å ‡∏ó‡∏±‡πâ‡∏á‡∏ù‡∏±‡πà‡∏á‡∏ó‡∏µ‡πà‡∏°‡∏≤‡∏à‡∏≤‡∏Å‡∏û‡∏£‡∏∞‡∏£‡∏≤‡∏°4 ‡∏à‡∏∞‡πÄ‡∏•‡∏µ‡πâ‡∏¢‡∏ß‡πÅ‡∏¢‡∏Å‡∏Ñ‡∏•‡∏≠‡∏á‡πÄ‡∏ï‡∏¢ ‡∏£‡∏ñ‡∏ï‡∏¥‡∏î‡∏£‡∏ñ‚Ä¶ https://t.co/W7YpDUEmk5,13.760136600000001,100.5659859
t,8, RT@R_Apinya ‡πÅ‡∏à‡πâ‡∏á‡∏ß‡∏±‡∏í‡∏ô‡∏∞‡∏°‡∏∏‡πà‡∏á‡∏´‡∏ô‡πâ‡∏≤‡∏õ‡∏≤‡∏Å‡πÄ‡∏Å‡∏£‡πá‡∏î ‡∏£‡∏ñ‡∏ï‡∏¥‡∏î ‡∏´‡∏ô‡∏±‡∏Å‡∏°‡∏≤‡∏Å https://t.co/8RWH4zJxAZ,13.9031163,100.5318847
t,7, RT@MKorprapakit ‡∏Å‡πà‡∏≠‡∏ô‡∏ñ‡∏∂‡∏á‡∏£‡πâ‡∏≤‡∏ô‡∏´‡∏±‡∏ß‡∏õ‡∏•‡∏≤‡∏ä‡πà‡∏≠‡∏á‡∏ô‡∏ô‡∏ó‡∏£‡∏µ ‡∏£‡∏≤‡∏°‡∏≠‡∏¥‡∏ô‡∏ó‡∏£‡∏≤ ‡∏£‡∏ñ‡∏ö‡∏£‡∏£‡∏ó‡∏∏‡∏Å‡∏ä‡∏ô‡∏ó‡πâ‡∏≤‡∏¢‡∏£‡∏ñ‡πÄ‡∏Å‡πã‡∏á‡∏Ç‡∏ß‡∏≤‡∏á‡πÄ‡∏•‡∏ô‡∏Å‡∏•‡∏≤‡∏á ‡∏¢‡∏±‡∏á‡πÑ‡∏°‡πà‡∏°‡∏µ‡πÄ‡∏à‡πâ‡∏≤‡∏´‡∏ô‡πâ‡∏≤‡∏ó‡∏µ‡πà ‡πÉ‡∏Å‡∏•‡πâ‡∏à‡∏∏‡∏î‡∏Å‡∏•‡∏±‡∏ö‡∏£‡∏ñ,13.812242499999998,100.7010405
a,7, RT @pakin2519: @js100radio ‡∏≠‡∏∏‡∏ö‡∏±‡∏ï‡∏¥‡πÄ‡∏´‡∏ï‡∏∏.‡∏™‡∏∞‡∏û‡∏≤‡∏ô‡∏Ç‡πâ‡∏≤‡∏°‡∏ß‡∏á‡πÄ‡∏ß‡∏µ‡∏¢‡∏ô‡∏û‡∏£‡∏∞‡∏£‡∏≤‡∏°5 https://t.co/hm8Epv88ST,13.824469699999998,100.4485194
o,1, ‡∏Å‡∏ó‡∏°.‡∏õ‡∏£‡∏∞‡∏ä‡∏∏‡∏°‡πÄ‡∏à‡πâ‡∏≤‡∏´‡∏ô‡πâ‡∏≤‡∏ó‡∏µ‡πà‡πÉ‡∏ô‡∏Å‡∏≤‡∏£‡πÄ‡∏•‡∏∑‡∏≠‡∏Å‡∏ï‡∏±‡πâ‡∏á‡∏™.‡∏™. ‡πÇ‡∏î‡∏¢‡∏¢‡πâ‡∏≥‡πÄ‡∏£‡∏∑‡πà‡∏≠‡∏á‡∏Å‡∏≤‡∏£‡∏ó‡∏≥‡∏´‡∏ô‡πâ‡∏≤‡∏ó‡∏µ‡πà‡πÄ‡∏õ‡πá‡∏ô‡∏Å‡∏•‡∏≤‡∏á ‡πÅ‡∏•‡∏∞‡πÉ‡∏´‡πâ‡∏Ç‡πâ‡∏≠‡∏°‡∏π‡∏•‡∏ó‡∏µ‡πà‡∏ñ‡∏π‡∏Å‡∏ï‡πâ‡∏≠‡∏á‡πÅ‡∏Å‡πà‡∏ú‡∏π‡πâ‡∏°‡∏µ‡∏™‡∏¥‡∏ó‡∏ò‡∏¥‡πå‚Ä¶ https://t.co/K1kHfv7V7V,13.7563309,100.5017651
a,6, 10:19 ‡∏ñ.340 ‡∏ä‡πà‡∏ß‡∏á‡∏ï‡∏±‡∏î‡∏ñ.‡∏Å‡∏≤‡∏ç‡∏à‡∏ô‡∏≤‡∏†‡∏¥‡πÄ‡∏©‡∏Å &gt;‡∏≠.‡∏•‡∏≤‡∏î‡∏´‡∏•‡∏∏‡∏°‡πÅ‡∏Å‡πâ‡∏ß ‡∏à.‡∏õ‡∏ó‡∏∏‡∏°‡∏ò‡∏≤‡∏ô‡∏µ ‡∏Å‡πà‡∏≠‡∏ô‡∏ñ‡∏∂‡∏á‡∏ö‡∏£‡∏¥‡∏©‡∏±‡∏ó‡∏ã‡∏π‡πÄ‡∏•‡∏µ‡∏¢‡∏ô ‡πÄ‡∏•‡πá‡∏Å‡∏ô‡πâ‡∏≠‡∏¢ ‡πÄ‡∏Å‡πã‡∏á‡∏ä‡∏ô‡∏Å‡∏±‡∏ö‡∏à‡∏¢‡∏¢. ‡∏Ç‡∏ß‡∏≤‡∏á‡∏ä‡πà‡∏≠‡∏á‡∏ó‡∏≤‡∏á‚Ä¶ https://t.co/6L7k9HXWbL,14.5775856,100.15109709999999
a,8, '‡∏ã‡∏µ‡∏≠‡∏≤‡∏£‡πå‡∏ß‡∏µ' ‡∏û‡∏∏‡πà‡∏á‡∏ä‡∏ô‡∏ï‡πâ‡∏ô‡πÑ‡∏°‡πâ‡∏Ç‡πâ‡∏≤‡∏á‡∏ó‡∏≤‡∏á‡∏Å‡πà‡∏≠‡∏ô‡πÑ‡∏ü‡∏•‡∏∏‡∏Å‡πÑ‡∏´‡∏°‡πâ ‡∏ñ‡∏ô‡∏ô‡∏™‡∏•‡∏Å‡∏ö‡∏≤‡∏ï‡∏£-‡∏Ñ‡∏•‡∏≠‡∏á‡∏Ç‡∏•‡∏∏‡∏á ‡∏à.‡∏Å‡∏≥‡πÅ‡∏û‡∏á‡πÄ‡∏û‡∏ä‡∏£ ‡∏ï‡∏≤‡∏¢1 ‡πÄ‡∏à‡πá‡∏ö1 https://t.co/9cHosvlYig‚Ä¶ https://t.co/DIalL1FHkk,15.9993595,99.8049535
t,6, RT @tamsomsuphan: ‡∏ß‡∏¥‡∏†‡∏≤‡∏ß‡∏î‡∏µ ‡∏≠‡∏≠‡∏Å‡πÅ‡∏¢‡∏Å‡∏î‡∏¥‡∏ô‡πÅ‡∏î‡∏á ‡∏õ‡∏¥‡∏î‡∏ó‡∏≤‡∏á‡∏≠‡∏≠‡∏Å‡∏Å‡πà‡∏≠‡∏ô‡∏î‡πà‡∏≤‡∏ô‡∏Ñ‡πà‡∏≤‡∏ó‡∏≤‡∏á‡∏î‡πà‡∏ß‡∏ô‡πÅ‡∏•‡πâ‡∏ß ‡πÉ‡∏Ñ‡∏£‡πÄ‡∏Ñ‡∏¢‡∏ß‡∏¥‡πà‡∏á‡πÄ‡∏•‡∏ô‡πÉ‡∏ô ‡∏à‡∏∞‡∏≠‡∏≠‡∏Å‡∏Ñ‡∏π‡πà‡∏Ç‡∏ô‡∏≤‡∏ô‡πÑ‡∏õ‡πÅ‡∏¢‡∏Å‡∏î‡∏¥‡∏ô‡πÅ‡∏î‡∏á ‡πÉ‡∏´‡πâ‡∏≠‡∏≠‡∏Å‡∏ó‡∏≤‡∏á‡∏≠‡∏≠‡∏Å‡∏´‡∏•‡∏±‡∏Å‡∏ô‡∏∞‡∏Ñ‡∏£‡∏±‡∏ö @js10‚Ä¶,13.7862165,100.56010140000001
a,8, RT @l3a5iC: @js100radio ‡∏ñ‡∏ô‡∏ô‡∏£‡πà‡∏°‡πÄ‡∏Å‡∏•‡πâ‡∏≤ ‡∏°‡∏∏‡πà‡∏á‡∏´‡∏ô‡πâ‡∏≤‡πÑ‡∏õ‡∏™‡∏ô‡∏≤‡∏°‡∏ö‡∏¥‡∏ô‡∏™‡∏∏‡∏ß‡∏£‡∏£‡∏ì‡∏†‡∏π‡∏°‡∏¥ ‡∏´‡∏ô‡πâ‡∏≤‡∏õ‡∏±‡πâ‡∏° ‡∏õ‡∏ï‡∏ó. ‡∏≠‡∏∏‡∏ö‡∏±‡∏ï‡∏¥‡πÄ‡∏´‡∏ï‡∏∏‡∏£‡∏ñ‡∏ö‡∏£‡∏£‡∏ó‡∏∏‡∏Å‡πÅ‡∏ó‡πà‡∏á‡∏Ñ‡∏≠‡∏ô‡∏Å‡∏£‡∏µ‡∏ï ‡∏ô‡πà‡∏≤‡∏à‡∏∞‡∏Ç‡∏±‡∏ö‡∏ï‡∏≤‡∏°‡∏Å‡∏±‡∏ô‡∏°‡∏≤ ‡πÅ‡∏•‡πâ‡∏ß‡∏ä‡∏ô‡∏ó‡πâ‡∏≤‡∏¢‡∏Å‡∏±‡∏ô‡πÄ‚Ä¶,13.747972599999999,100.7410059
a,8, 08.05 ‡∏ñ.‡∏™‡∏•‡∏Å‡∏ö‡∏≤‡∏ï‡∏£-‡∏Ñ‡∏•‡∏≠‡∏á‡∏Ç‡∏•‡∏∏‡∏á ‡∏ä‡πà‡∏ß‡∏á ‡∏≠.‡∏™‡∏•‡∏Å‡∏ö‡∏≤‡∏ï‡∏£ &gt;‡∏Å‡πà‡∏≠‡∏ô‡∏ñ‡∏∂‡∏á ‡∏≠.‡πÄ‡∏°‡∏∑‡∏≠‡∏á‡∏Å‡∏≥‡πÅ‡∏û‡∏á‡πÄ‡∏û‡∏ä‡∏£ ‡∏õ‡∏£‡∏∞‡∏°‡∏≤‡∏ì 30‡∏Å‡∏°. ‡πÄ‡∏Å‡πã‡∏á‡∏ä‡∏ô‡∏ï‡πâ‡∏ô‡πÑ‡∏°‡πâ‡∏Ç‡πâ‡∏≤‡∏á‡∏ó‡∏≤‡∏á ‡πÄ‡∏™‡∏µ‡∏¢‡∏ä‡∏µ‡∏ß‡∏¥‡∏ï 1 ‡∏Ñ‡∏ô ‡πÅ‚Ä¶ https://t.co/4XcGzOyvGo,16.241211,99.7009754
a,9, RT@Rukkiat2 ‡∏£‡∏ñ‡∏ö‡∏£‡∏£‡∏ó‡∏∏‡∏Å‡∏ö‡∏£‡∏£‡∏ó‡∏∏‡∏Å‡∏ß‡∏¥‡πà‡∏á‡∏™‡∏ö‡∏≤‡∏¢‡πÉ‡∏à‡πÄ‡∏•‡∏¢‡πÑ‡∏°‡πà‡∏™‡∏ô‡∏Å‡∏é‡∏à‡∏£‡∏≤‡∏à‡∏£‡∏≠‡∏±‡∏ô‡∏ï‡∏£‡∏≤‡∏¢‡∏£‡∏ñ‡πÄ‡∏•‡πá‡∏Å‡∏°‡∏≤‡∏Å‡πÄ‡∏´‡πá‡∏ô‡∏õ‡∏£‡∏∞‡∏à‡∏≥‡∏£‡∏±‡∏á‡∏™‡∏¥‡∏ï-‡∏õ‡∏£‡∏∞‡∏ï‡∏π‡∏ô‡πâ‡∏≥‡∏û‡∏£‡∏∞‡∏≠‡∏¥‡∏ô‡∏ó‡∏£‡πå https://t.co/XKizVEpN86,13.991331699999998,100.6473777
o,1, RT @Borilux: ‡∏≠‡∏≤‡∏ó‡∏¥‡∏ï‡∏¢‡πå‡∏™‡∏ß‡∏±‡∏™‡∏î‡∏µ‡∏à‡∏≤‡∏Å‡∏ö‡∏≤‡∏á‡∏õ‡∏∞‡∏≠‡∏¥‡∏ô‡∏Ñ‡∏£‡∏±‡∏ö @js100radio https://t.co/bm7ym8Kx38,14.245862900000002,100.60147629999999
t,6, 3 ‡∏°‡∏µ.‡∏Ñ.62 ‡∏°‡∏´‡∏≤‡∏ß‡∏¥‡∏ó‡∏¢‡∏≤‡∏•‡∏±‡∏¢‡∏ò‡∏∏‡∏£‡∏Å‡∏¥‡∏à‡∏ö‡∏±‡∏ì‡∏ë‡∏¥‡∏ï‡∏¢‡πå (‡∏ñ.‡∏õ‡∏£‡∏∞‡∏ä‡∏≤‡∏ä‡∏∑‡πà‡∏ô) ‡∏à‡∏±‡∏î‡∏û‡∏¥‡∏ò‡∏µ‡∏õ‡∏£‡∏∞‡∏™‡∏≤‡∏ó‡∏õ‡∏£‡∏¥‡∏ç‡∏ç‡∏≤‡∏ö‡∏±‡∏ï‡∏£ ‡πÄ‡∏ß‡∏•‡∏≤ 12.00-16.00‡∏ô. ‡πÅ‡∏ô‡∏∞‡∏´‡∏•‡∏µ‡∏Å‡πÄ‡∏•‡∏µ‡πà‡∏¢‡∏á‡πÄ‡∏™‡πâ‡∏ô‡∏ó‡∏≤‡∏á‡∏Å‡∏≤‚Ä¶ https://t.co/XYYOffwahb,13.8702612,100.5507662
a,9, 07.20 ‡∏£‡∏ñ‡∏û‡πà‡∏ß‡∏á‡∏ö‡∏£‡∏£‡∏ó‡∏∏‡∏Å‡πÄ‡∏™‡∏≤‡πÄ‡∏Ç‡πá‡∏° 2 ‡∏Ñ‡∏±‡∏ô‡∏ä‡∏ô‡∏Å‡∏±‡∏ô ‡πÅ‡∏•‡πâ‡∏ß‡πÄ‡∏Å‡∏¥‡∏î‡πÑ‡∏ü‡∏•‡∏∏‡∏Å‡πÑ‡∏´‡∏°‡πâ ‡∏ã.‡∏£‡πà‡∏°‡πÄ‡∏Å‡∏•‡πâ‡∏≤9 ‡∏ó‡∏µ‡πà‡∏ï‡∏£‡∏á‡∏Ç‡πâ‡∏≤‡∏°.‡πÄ‡∏Å‡∏©‡∏°‡∏ö‡∏±‡∏ì‡∏ë‡∏¥‡∏ï ‡∏•‡πà‡∏≤‡∏™‡∏∏‡∏î‡∏à‡∏ô‡∏ó.‡∏Ñ‡∏ß‡∏ö‡∏Ñ‡∏∏‡∏°‡πÄ‡∏û‡∏•‡∏¥‡∏á‡πÑ‡∏î‡πâ‡πÅ‚Ä¶ https://t.co/vnKZfb04yQ,13.739283499999999,100.6264872
a,7, 06:36 ‡πÄ‡∏û‡∏•‡∏¥‡∏á‡πÑ‡∏´‡∏°‡πâ‡∏≠‡∏≤‡∏Ñ‡∏≤‡∏£‡∏û‡∏≤‡∏ì‡∏¥‡∏ä‡∏¢‡πå ‡∏ã‡∏≠‡∏¢‡∏™‡∏∏‡∏Ç‡∏™‡∏ß‡∏±‡∏™‡∏î‡∏¥‡πå 53 ‡∏û‡∏∑‡πâ‡∏ô‡∏ó‡∏µ‡πà‡∏≠.‡∏û‡∏£‡∏∞‡∏õ‡∏£‡∏∞‡πÅ‡∏î‡∏á ‡∏à.‡∏™‡∏°‡∏∏‡∏ó‡∏£‡∏õ‡∏£‡∏≤‡∏Å‡∏≤‡∏£ ‡∏•‡πà‡∏≤‡∏™‡∏∏‡∏î ‡∏à‡∏ô‡∏ó.‡∏Ñ‡∏ß‡∏ö‡∏Ñ‡∏∏‡∏°‡πÄ‡∏û‡∏•‡∏¥‡∏á‡πÑ‡∏î‡πâ‡πÅ‡∏•‡πâ‡∏ß ‡∏£‡∏≤‡∏¢‡∏•‡∏∞‡πÄ‚Ä¶ https://t.co/mNBcxQbwXL,13.615926199999999,100.5464249
o,1, ‡∏™‡∏∏‡∏ô‡∏±‡∏Ç‡∏´‡∏≤‡∏¢‡∏≠‡∏≠‡∏Å‡πÑ‡∏õ‡∏à‡∏≤‡∏Å‡∏ö‡πâ‡∏≤‡∏ô ‡∏ö‡∏£‡∏¥‡πÄ‡∏ß‡∏ì‡∏ï‡∏£‡∏á‡∏Ç‡πâ‡∏≤‡∏°‡∏Å‡∏±‡∏ö‡∏õ‡∏±‡πä‡∏°‡∏ö‡∏≤‡∏á‡∏à‡∏≤‡∏Å ‡∏ñ.‡∏ã‡πà‡∏≠‡∏°‡∏™‡∏£‡πâ‡∏≤‡∏á ‡∏≠.‡πÄ‡∏°‡∏∑‡∏≠‡∏á ‡∏à.‡∏õ‡∏ó‡∏∏‡∏°‡∏ò‡∏≤‡∏ô‡∏µ ‡∏ú‡∏π‡πâ‡πÉ‡∏î‡∏û‡∏ö‡πÄ‡∏´‡πá‡∏ô‡πÅ‡∏à‡πâ‡∏á JS100 ‡πÇ‡∏ó‡∏£ *1808 ‡∏´‡∏£‡∏∑‡∏≠‚Ä¶ https://t.co/g5BfDTS0BF,14.0208391,100.5250276
o,1, v RT @supachai15a: @js100radio ‡∏£‡∏≤‡∏°‡∏Ç‡∏≤‡πÄ‡∏Ç‡πâ‡∏≤ ‡∏£‡∏∞‡∏´‡∏ß‡πà‡∏≤‡∏á ‡∏ã.154 https://t.co/Rj4w03vZeb,13.777177300000002,100.673643
